ts_index,bias,mad,mape,mse,sae,f1,recall,model_name
0,-0.0002857612628201265,0.2115336159463858,53276.43763753591,0.10766993697197712,301.012335491707,0.0,0.0,naive_predictor
1,-1.75,279.5997191011236,0.2709000769004362,291579.8735955056,398150.0,0.24242424242424243,0.23529411764705882,naive_predictor
2,-0.0006939625260235947,6.655794587092297,71478.87328996116,75.7175572519084,9591.0,0.0,0.0,naive_predictor
3,-0.4627177700348432,5.181881533101046,703833.3109636891,290.44878048780487,7436.0,0.6129032258064516,0.4418604651162791,naive_predictor
4,-0.14606741573033707,28.721910112359552,3535816.1086855205,15624.842696629214,40900.0,0.56,0.6666666666666666,naive_predictor
5,-4.6774420238931835,105.10330288123683,116656.73016085636,514482.0126493324,149562.0,0.7142857142857143,0.6521739130434783,naive_predictor
6,-0.006183224129807506,1.6660859751279495,0.12009300262588374,4.600004533150645,2397.4977182091193,0.0,0.0,naive_predictor
7,-0.0030223440991561496,0.09718264673145413,58.18941701163628,0.10858507630017741,72.01234122800751,0.6666666666666665,0.8571428571428571,naive_predictor
8,-6.122138565667308e-05,0.10098980911095923,0.08566646659231442,0.1125520947938615,147.54611111111143,0.5185185185185185,0.4375,naive_predictor
9,7.742182070882557,523.404447533009,0.2720796875668732,3045739.490618485,753179.0,0.0,0.0,naive_predictor
10,-9.848657692600273e-05,0.037457981595558826,0.12653350198493085,0.0023283056221005535,54.72611111111144,0.0,0.0,naive_predictor
11,-0.6106870229007634,44.94656488549618,403887.07960475195,4990.817487855656,64768.0,0.07692307692307691,0.08333333333333333,naive_predictor
12,0.014593467685892982,15.38498957609451,0.600201427615429,1445.4878387769284,22139.0,0.7499999999999999,1.0,naive_predictor
13,0.320361362056984,596.4760250173732,0.1849264591440913,8211076.710910355,858329.0,0.8,1.0,naive_predictor
14,-0.011946591707659873,69.8756148981026,0.7321922590095294,263910.06394940265,99433.0,0.5263157894736842,1.0,naive_predictor
15,-2.144544822793607,846.6643502432245,0.08937756363564539,1501241.573314802,1218350.0,0.6363636363636365,0.5833333333333334,naive_predictor
16,-8.577435178696566,4180.5704274702175,0.19280913127318314,54694866.91660827,5965674.0,0.45454545454545453,0.5,naive_predictor
17,2.328700486448923,826.5969423210563,0.07493378644707317,35418672.690062545,1189473.0,0.5384615384615384,0.3684210526315789,naive_predictor
18,-0.15288394718554552,13.37595552466991,0.12715251966670713,310.39332870048645,19248.0,0.35294117647058826,0.375,naive_predictor
19,-1.0021082220660575,40.20660576247365,38651.57776560331,10064.220660576248,57214.0,0.041666666666666664,0.03278688524590164,naive_predictor
20,-0.0034737525408913136,0.31025899828027675,0.03332002722031316,0.18554648172912216,446.4626985253183,0.0625,0.07692307692307693,naive_predictor
21,-168.36510161177296,36754.02312543798,0.24634330265517032,3123007631.829713,52447991.0,0.3333333333333333,0.3333333333333333,naive_predictor
22,-0.9082696316886727,279.2765809589993,0.41163824894614215,320074.7581653926,401879.0,0.17391304347826084,1.0,naive_predictor
23,-20.477446217904234,1103.3712699514226,0.15378026649823842,2952755.258848022,1589958.0,0.06451612903225806,0.036585365853658534,naive_predictor
24,-0.0076811924861206705,0.1716936649174854,0.05606081171667257,0.08822961674314506,250.84444444444617,0.7142857142857142,0.6666666666666666,naive_predictor
25,-24.186935371785964,670.3217512161223,0.03557812389319182,45200292.485754,964593.0,0.7407407407407406,0.625,naive_predictor
26,-117.04302567661347,5532.397640527412,0.1345772293034546,106196432.89451769,7972185.0,0.38095238095238093,0.5714285714285714,naive_predictor
27,-2.0507296733842946,869.2390548992356,0.08902180773555463,1571564.082696317,1250835.0,0.5,0.5,naive_predictor
28,-2.731039325842697,346.1313202247191,0.30280166843182854,439445.2745786517,492891.0,0.21011673151750973,0.11894273127753303,naive_predictor
29,-7.862560003207752e-05,0.04933466520199961,4729.463101985911,0.004985673127800253,70.05522458683944,0.17391304347826084,1.0,naive_predictor
30,-0.00027910867746598205,0.1811890638071336,0.09614054526645495,2.725878870145338,264.7172222222222,0.8571428571428571,1.0,naive_predictor
31,0.014593467685892982,15.38498957609451,0.600201427615429,1445.4878387769284,22139.0,0.5714285714285715,1.0,naive_predictor
32,-0.34688156972669937,87.60546601261387,0.23986511662245028,16042.296426068675,125013.0,0.4,1.0,naive_predictor
33,-0.21742160278745645,85.27665505226481,9059.70572186413,27487.17770034843,122372.0,0.0,0.0,naive_predictor
34,-0.0006207615778931604,0.01148765246751043,18.832113272730503,0.0007300799186101352,16.392880071137384,0.1923076923076923,0.10638297872340426,naive_predictor
35,-9.848657692600273e-05,0.037457981595558826,0.12653350198493085,0.0023283056221005535,54.72611111111144,0.0,0.0,naive_predictor
36,0.010067517913765913,0.8850093007064194,0.024037541426521675,1.4295737736583112,1292.9985883320787,0.23076923076923075,0.1875,naive_predictor
37,-5.7799072172826716e-05,0.10203779755114525,0.05823691264195033,0.021354783528109753,149.0772222222232,0.380952380952381,0.4444444444444444,naive_predictor
38,-1.4190609670637702,30.47021723896286,23125.97044975164,11031.508759635599,43481.0,0.16666666666666666,0.125,naive_predictor
39,-0.2397212543554007,4.294076655052264,369338.78309828456,131.62508710801393,6162.0,0.7536231884057971,0.6046511627906976,naive_predictor
40,-0.0723314606741573,13.549859550561798,273174.8932037494,798.188904494382,19295.0,0.31111111111111106,0.18502202643171806,naive_predictor
41,-0.13309859154929576,66.88239436619719,0.38896939882054204,25798.283802816903,94973.0,0.6666666666666666,0.6666666666666666,naive_predictor
42,-0.0539593552908199,19.825508058864752,59565.89736714691,734.5487035739313,28291.0,0.0,0.0,naive_predictor
43,-27.01331464611072,2272.002803083392,0.220233164539497,11901558.881569726,3242148.0,0.3,0.42857142857142855,naive_predictor
44,0.0003727144866385374,0.04090717299578041,0.11392753749188596,0.01843241912798865,58.16999999999974,0.10810810810810813,0.06060606060606061,naive_predictor
45,-0.0001884173701422307,0.10376888321960169,0.02158803429390403,0.040627210473056424,151.60633838383808,0.2857142857142857,0.4,naive_predictor
46,-26.683098591549296,1039.581690140845,0.26614355361443254,15069654.842253521,1476206.0,0.5777777777777777,0.4126984126984127,naive_predictor
47,7.60514107536679e-06,0.007440911016886425,9.903409275288404,0.0017447285997056383,10.871170995671067,0.3076923076923077,0.25,naive_predictor
48,-0.9598591549295775,58.004929577464786,0.6567358792462643,82300.5866197183,82367.0,0.42857142857142855,0.6,naive_predictor
49,-0.0006139108263926972,0.06479795892939229,0.09067792785583162,0.009276960372384771,92.01310167973705,0.2727272727272727,0.3157894736842105,naive_predictor
50,-0.00906555090655509,23.25174337517434,232915.85693763572,3725.4804741980474,33343.0,0.08421052631578949,0.11764705882352941,naive_predictor
51,-9.448922863099375,820.3690062543433,0.09046435699857804,1173320.8179291175,1180511.0,0.14285714285714285,0.14285714285714285,naive_predictor
52,-2.3625929917802884,650.2125573654866,0.018896704496794047,904779.4905705708,949960.5463109759,0.6666666666666666,0.7777777777777778,naive_predictor
53,-0.001388888888888889,37.61527777777778,393057.981014637,3654.9583333333335,54166.0,0.6666666666666666,1.0,naive_predictor
54,-1.5515066573230554,197.7196916608269,0.24657230396535107,79015.13805185704,282146.0,0.28571428571428575,0.5,naive_predictor
55,-12.51927119831815,1755.6587245970568,0.30820652550611394,5845571.55360897,2505325.0,0.3157894736842105,0.3,naive_predictor
56,0.010067517913765913,0.8850093007064194,0.024037541426521675,1.4295737736583112,1292.9985883320787,0.29629629629629634,0.23529411764705882,naive_predictor
57,-5298.813547486034,288161.8959497207,0.15146612314640956,280509674290.9127,412647835.0,0.47619047619047616,0.45454545454545453,naive_predictor
58,-1.1693268563497572,108.03400416377515,0.21354686506683287,24211.897987508673,155677.0,0.03149606299212599,0.01834862385321101,naive_predictor
59,-0.15555555555555556,10.644444444444444,335417.2606255585,1406.3166666666666,15328.0,0.6197183098591549,0.5,naive_predictor
60,-48.97687456201822,4625.451997196917,0.20549966351862933,48903752.896986686,6600520.0,0.42857142857142855,0.6,naive_predictor
61,-10.074947952810549,1349.0534351145038,0.41393123139297616,5757501.535045108,1943986.0,0.10256410256410256,0.6666666666666666,naive_predictor
62,2.3916666666666684e-05,0.018308193055555526,0.011210346281219067,0.0025873368910999976,26.363797999999957,0.2916666666666667,0.21875,naive_predictor
63,-1.2242466713384723,114.62158374211633,0.27222129917909355,28948.475823405748,163565.0,0.37499999999999994,0.6,naive_predictor
64,-0.03205574912891986,47.186062717770035,38328.16503779084,12425.17630662021,67712.0,0.21428571428571425,1.0,naive_predictor
65,-0.4316748423265592,62.999299229152065,10511.894760819094,9213.578135949545,89900.0,0.01941747572815534,0.0125,naive_predictor
66,0.0027177163878205008,1.2806674907453524,18115.715889421062,2.928914849864073,948.9746106423062,0.25,0.25,naive_predictor
0,0.0006109201230781508,0.1655294452841685,56554.90549090517,0.05919408379810079,235.54840063937175,0.0,0.0,ar5_predictor
1,-0.1814151231340062,200.3144727074714,0.8002693794103817,169189.39421175577,285247.8091354393,0.2580645161290323,0.23529411764705882,ar5_predictor
2,0.02337520490028779,5.136297165887164,116220.85139639991,43.378310043680685,7401.404216043404,0.0,0.0,ar5_predictor
3,-0.5553621613941978,5.5240848609299364,890464.6818253834,271.9135206313731,7927.0617754344585,0.5666666666666667,0.3953488372093023,ar5_predictor
4,-0.09934946630651904,31.178428253913065,5390236.604415211,13948.974044390747,44398.08183357221,0.5306122448979592,0.6190476190476191,ar5_predictor
5,-6.209866396708503,110.12736518798364,392232.66667683393,439293.3210015136,156711.24066250073,0.7727272727272727,0.7391304347826086,ar5_predictor
6,0.0015104906637298477,1.3327473779015677,0.09688027073342806,2.861718876569105,1917.823476800356,0.22222222222222224,0.25,ar5_predictor
7,0.0006088234309915443,0.09546215008693444,317.46074326926794,0.08039562325910767,70.73745321441842,0.5555555555555556,0.7142857142857143,ar5_predictor
8,-0.0002015471582353006,0.1072108053904106,0.09382916166324962,0.0900535271850542,156.63498667538988,0.6000000000000001,0.5625,ar5_predictor
9,0.7967980535582118,551.2550746058228,0.489478439025993,2375308.212270483,793256.0523577789,0.0,0.0,ar5_predictor
10,6.829594548367092e-05,0.0318644700724826,0.10901416785728081,0.001727029864752446,46.55399077589708,0.125,0.3333333333333333,ar5_predictor
11,-0.5691163899500767,44.60986403129123,836929.0334073562,4520.445859170101,64282.814069090666,0.0425531914893617,0.041666666666666664,ar5_predictor
12,0.004128674295970115,12.879510502442997,0.6263615053042908,898.6678903477467,18533.615613015474,0.8,0.6666666666666666,ar5_predictor
13,0.6202341923800848,676.922964429645,0.23484298001661533,5152216.191975512,974092.1458142592,0.8,1.0,ar5_predictor
14,4.975838753163906,83.79344102635338,1.2894950907841558,161653.1505000954,119238.06658050085,0.47619047619047616,1.0,ar5_predictor
15,1.3852128871006346,517.7073926396613,0.05255152026661455,706646.5080249748,744980.9380084726,0.5599999999999999,0.5833333333333334,ar5_predictor
16,5.453230131699345,3813.130374124921,4.82230984447006,43887472.34688775,5441337.043876262,0.41666666666666663,0.5,ar5_predictor
17,-0.5357250593012476,1049.13152704882,0.1345938013165108,21642291.51011477,1509700.267423252,0.42857142857142855,0.3157894736842105,ar5_predictor
18,-0.32180701588182975,11.820753922970368,0.11279461602334784,256.83886152762614,17010.06489515436,0.47058823529411764,0.5,ar5_predictor
19,-0.6484310996624344,41.35999164871136,74046.8137383351,9800.089157749988,58855.26811611626,0.042553191489361694,0.03278688524590164,ar5_predictor
20,0.0003829525365112923,0.2841428428337201,0.030371001738797747,0.14995257410900423,408.88155083772324,0.18749999999999997,0.23076923076923078,ar5_predictor
21,19.970595782682167,27794.873058605128,23.33426811237001,2034178321.1458862,39663283.85462952,0.33333333333333326,0.5555555555555556,ar5_predictor
22,-0.427068331671544,285.39127568067187,0.7041104983022348,259554.58747570287,410678.0457044868,0.1904761904761905,1.0,ar5_predictor
23,-4.713205510144209,933.7671708983825,2.52080746044319,2645982.182081798,1345558.4932645692,0.06382978723404255,0.036585365853658534,ar5_predictor
24,-3.6725390142150524e-05,0.1284272558277196,0.04024366647238929,0.07694453066540241,187.63222076429835,0.7142857142857142,0.6666666666666666,ar5_predictor
25,-36.25225911773467,1037.9369124027146,0.08621734881394785,33347936.958675884,1493591.2169475064,0.5714285714285715,0.5,ar5_predictor
26,-14.82040904015942,5303.071657891529,8.236696031653912,106872528.84054883,7641726.259021694,0.5,0.7142857142857143,ar5_predictor
27,1.3864303077232223,529.2036659424713,0.05215055024167933,731363.6781297866,761524.0752912161,0.5217391304347826,0.6,ar5_predictor
28,-1.0915025153105546,344.0946971387654,1232596.0428103404,413302.55296547135,489990.848725602,0.23846153846153847,0.13656387665198239,ar5_predictor
29,-0.0001671349469819882,0.04041009373953412,6539.138403542904,0.0031671002568322056,57.382333110138454,0.23529411764705882,1.0,ar5_predictor
30,0.0006737173946858017,0.22580069787619328,0.13615082054247127,1.3796188505708553,329.8948195971184,0.6666666666666666,0.6666666666666666,ar5_predictor
31,0.004128674295970115,12.879510502442997,0.6263615053042908,898.6678903477467,18533.615613015474,0.5,0.5,ar5_predictor
32,0.27722588317029984,70.21848811124633,435370.3960253532,11951.537708900538,100201.78253474852,0.2857142857142857,1.0,ar5_predictor
33,-0.07310013611190408,85.5051379847153,277768.8418916804,20577.260105869012,122699.87300806647,0.0,0.0,ar5_predictor
34,-0.0004938636634793426,0.011476441292546366,139.7840073709769,0.0007440529576891646,16.376881724463665,0.18867924528301885,0.10638297872340426,ar5_predictor
35,6.829594548367092e-05,0.0318644700724826,0.10901416785728081,0.001727029864752446,46.55399077589708,0.125,0.3333333333333333,ar5_predictor
36,-0.0029952870116108895,0.8351863994845407,0.022930299251966352,1.2961304053357905,1220.2073296469139,0.3076923076923077,0.25,ar5_predictor
37,0.00010040637513269997,0.07922574375213282,0.04456639317400675,0.01493769441799365,115.74881162186605,0.6153846153846153,0.8888888888888888,ar5_predictor
38,-1.4555741656610446,31.29850610963379,242182.3939241167,10667.914068010878,44662.96821844742,0.2222222222222222,0.16666666666666666,ar5_predictor
39,-0.31035003281406576,4.181807345234437,429500.06303113594,127.11540761719627,6000.893540411416,0.7536231884057971,0.6046511627906976,ar5_predictor
40,-0.0435237120703584,13.712988798415394,485433.46524411533,761.3323977547248,19527.29604894352,0.2792452830188679,0.16299559471365638,ar5_predictor
41,-0.012098514123509183,63.59430828838198,125495.44236874138,18235.376161401236,90303.91776950241,0.7142857142857143,0.8333333333333334,ar5_predictor
42,-0.008511121550510196,18.849760766838813,97836.5316799519,611.170307638206,26898.608614278986,0.0,0.0,ar5_predictor
43,-2.138979156294604,1739.6649197133022,16040668.469492171,8338980.930845264,2482501.8404308823,0.36363636363636365,0.5714285714285714,ar5_predictor
44,-0.0003411517909381364,0.045797436205897615,0.15363320419375334,0.017200524532865337,65.12395428478641,0.10526315789473685,0.06060606060606061,ar5_predictor
45,-5.46366637892356e-05,0.10291767131755934,0.021251369644830168,0.03602058582208143,150.3627177949542,0.2857142857142857,0.4,ar5_predictor
46,-23.930631035558644,1072.3026691643352,0.3692178422390797,13014506.192638459,1522669.7902133558,0.5393258426966292,0.38095238095238093,ar5_predictor
47,-4.5160806835948335e-05,0.010791209035475296,49.23368264067189,0.0010199063916370783,15.765956400829408,0.4615384615384615,0.375,ar5_predictor
48,-0.7030889151118089,63.87938843703558,79379.17372451362,70262.6744739411,90708.73158059052,0.5714285714285714,0.8,ar5_predictor
49,6.269077897654382e-05,0.056362811625283546,577.6232004118708,0.007223740894802836,80.03519250790264,0.5652173913043478,0.6842105263157895,ar5_predictor
50,0.02235957484075572,30.24737518034145,260224.885252539,3318.0558560266277,43374.73600860964,0.09411764705882353,0.11764705882352941,ar5_predictor
51,-5.867237321533893,749.7814560404893,0.08278180429823169,1017350.0051784017,1078935.5152422641,0.4444444444444444,0.5714285714285714,ar5_predictor
52,-1.3699241394063626,423.51075980571375,0.012346339596303636,559963.9517409542,618749.2200761478,0.4444444444444444,0.6666666666666666,ar5_predictor
53,0.009294153931709627,22.278543881685607,438985.0813920563,1320.991768329341,32081.103189627276,0.5,1.0,ar5_predictor
54,0.08129595010454804,152.07791335949662,1095539.7699270388,51169.828516315705,217015.18236400167,0.26666666666666666,0.5,ar5_predictor
55,-1.3102137611161617,1129.0990544167794,7557808.41094862,3330314.19333453,1611224.350652744,0.3076923076923077,0.4,ar5_predictor
56,-0.0029952870116108895,0.8351863994845407,0.022930299251966352,1.2961304053357905,1220.2073296469139,0.37037037037037035,0.29411764705882354,ar5_predictor
57,-16.762157810182057,260599.87740888514,9.490916888854748,256146892298.34903,373179024.4495235,0.47619047619047616,0.45454545454545453,ar5_predictor
58,-0.3327372584466225,99.66807926326825,591204.6949454258,20915.805251511676,143621.70221836955,0.03305785123966942,0.01834862385321101,ar5_predictor
59,-0.09737231802805542,9.82700468094793,640135.9424103692,822.4560330954142,14150.886740565018,0.45161290322580644,0.3181818181818182,ar5_predictor
60,-9.139096243668298,4148.987952426909,0.9953528674822554,44148107.87927126,5920605.808113199,0.42857142857142855,0.6,ar5_predictor
61,-3.55982106301546,1303.122824031207,4115640.394724827,5256357.506732704,1877799.9894289693,0.1212121212121212,0.6666666666666666,ar5_predictor
62,0.000122213966449124,0.01986001315769848,0.01227164542825173,0.002277632105030852,28.598418947085808,0.25,0.1875,ar5_predictor
63,-0.10269863418274372,104.62907461259678,1037858.5859644961,28005.88242488049,149305.6894721756,0.4,0.6,ar5_predictor
64,-0.0011994061078051898,43.167490584058264,107718.61611361726,8563.119097736328,61945.34898812361,0.3,1.0,ar5_predictor
65,-0.18235405881507033,64.48688506605144,419908.88683623984,8470.02008992372,92022.78498925541,0.01886792452830189,0.0125,ar5_predictor
66,-0.003250835240199746,0.8293122138831954,24863.953735019168,1.6113387245491073,614.5203504874478,0.4285714285714285,0.75,ar5_predictor
0,0.0006253006023071011,0.1655379813333336,56481.492267478585,0.059114996128990925,235.56054743733372,0.0,0.0,ma5_predictor
1,2.984910519856264,271.62546697405855,0.9414545975957295,239260.8465046755,386794.6649710594,0.2162162162162162,0.23529411764705882,ma5_predictor
2,0.03263110302376779,5.16498331066223,121427.7903504382,43.83727040401749,7442.740950664273,0.0,0.0,ma5_predictor
3,-0.053556209855584916,9.215717183792128,2161270.3620878276,604.658426536749,13224.554158741705,0.7714285714285715,0.627906976744186,ma5_predictor
4,-0.028531956081280375,35.37433376083753,6856225.489769002,14658.209472446892,50373.05127543264,0.6000000000000001,0.7142857142857143,ma5_predictor
5,-1.6264355669416806,127.42406033831536,502451.2382390344,453436.4841838323,181324.43786142275,0.7441860465116279,0.6956521739130435,ma5_predictor
6,0.0037063710785875175,1.3555814854440345,0.09860861114200739,2.9242875518579576,1950.6817575539656,0.25,0.25,ma5_predictor
7,0.0013765484389121063,0.09950584803584743,365.96707203754187,0.08116224949231149,73.73383339456295,0.588235294117647,0.7142857142857143,ma5_predictor
8,-0.00045154150633000203,0.10834831340477086,0.09515153838633275,0.09041736517043382,158.29688588437023,0.6206896551724138,0.5625,ma5_predictor
9,-5.927661330649344,703.6805917095747,0.9329590740150785,2646265.6378507055,1012596.3714700781,0.0,0.0,ma5_predictor
10,0.00023642943686092728,0.035383711662315256,0.12420636884368814,0.002042361934654409,51.69560273864259,0.16666666666666666,0.3333333333333333,ma5_predictor
11,0.057680653326187964,50.43447725076724,1220658.6206714069,4887.760991864271,72676.08171835559,0.043478260869565216,0.041666666666666664,ma5_predictor
12,-0.01835998828216754,12.905295128771474,0.6275319142656053,900.1277297360327,18570.71969030215,0.8,0.6666666666666666,ma5_predictor
13,0.633909116624951,687.6615388388747,0.24031509323357136,5164839.941509946,989544.9543891407,0.8,1.0,ma5_predictor
14,2.010865536195826,82.14903376806137,1.2502627502320411,164135.19590414522,116898.07505195132,0.47619047619047616,1.0,ma5_predictor
15,1.7995873314652933,805.0664518443062,0.08542716793156847,1304464.898410135,1158490.6242039567,0.2631578947368421,0.4166666666666667,ma5_predictor
16,24.02649703730235,4194.883429285409,4.869250900629402,47364475.09787859,5986098.653590279,0.25,0.3,ma5_predictor
17,-0.07045413679264587,1297.0704929329686,0.18224608956991112,16935857.58359331,1866484.4393305418,0.5517241379310345,0.42105263157894735,ma5_predictor
18,-0.22316275084378037,13.818710706558043,0.1373534740926041,343.64580424614894,19885.124706737024,0.5,0.5,ma5_predictor
19,-4.163604290781289,78.57198620736918,348022.3761044634,21474.477609276226,111807.93637308634,0.04210526315789474,0.03278688524590164,ma5_predictor
20,0.0006304668155689817,0.29715848188413607,0.031542397336550454,0.17111445442289047,427.61105543127184,0.5945945945945945,0.8461538461538461,ma5_predictor
21,321.5046676501323,34124.83273059773,23.3946552090996,2741979676.599181,48696136.30656296,0.3703703703703704,0.5555555555555556,ma5_predictor
22,0.40516574764741153,300.9238004029675,0.7797531058684389,267273.03740246303,433029.34877987026,0.1904761904761905,1.0,ma5_predictor
23,3.463705908826756,1312.8157184469032,3.7239306747280545,4052191.2157654297,1891767.4502819877,0.06521739130434782,0.036585365853658534,ma5_predictor
24,-0.0012756323367371634,0.1363036919410286,0.042446966711194155,0.09415087368685142,199.13969392584278,0.8387096774193549,0.8666666666666667,ma5_predictor
25,-17.84141335358297,1341.7910735542362,0.12277475876615843,34514549.650794245,1930837.3548445457,0.6896551724137931,0.625,ma5_predictor
26,53.78731331185916,6142.7388726938325,8.24689725840315,122833609.7164077,8851686.715551812,0.4761904761904762,0.7142857142857143,ma5_predictor
27,2.7726424972628783,630.0348761417825,0.0651131435320649,896126.346125432,906620.1867680252,0.5185185185185185,0.7,ma5_predictor
28,1.020276643837765,442.41266215824675,1232691.466454218,551375.911236165,629995.6309133434,0.25954198473282447,0.14977973568281938,ma5_predictor
29,-0.0001949166632417889,0.040763933111222735,6668.491523924366,0.0032230848875185064,57.88478501793628,0.2222222222222222,1.0,ma5_predictor
30,0.0009987324418399821,0.22633898407216474,0.1365459551136081,1.379594438054635,330.6812557294327,0.6666666666666666,0.6666666666666666,ma5_predictor
31,-0.01835998828216754,12.905295128771474,0.6275319142656053,900.1277297360327,18570.71969030215,0.5,0.5,ma5_predictor
32,-0.11888357535550238,83.39642678624304,435362.152947766,13957.206589800388,119006.70102396881,0.2666666666666667,1.0,ma5_predictor
33,0.32904371572686464,87.03937774944283,336959.1813811904,20836.10667832663,124901.50707045046,0.0,0.0,ma5_predictor
34,0.00043259113135336527,0.033261251512811695,134.08988058712714,0.002693159430499568,47.463805908782284,0.36065573770491804,0.23404255319148937,ma5_predictor
35,0.00023642943686092728,0.035383711662315256,0.12420636884368814,0.002042361934654409,51.69560273864259,0.16666666666666666,0.3333333333333333,ma5_predictor
36,-0.008824167803708989,0.8572646163506026,0.0238007845163244,1.4108901870273283,1252.4636044882304,0.7333333333333334,0.6875,ma5_predictor
37,-0.0006620509060936502,0.09464468621087127,0.05402666529556078,0.019025116145509675,138.27588655408292,0.4800000000000001,0.6666666666666666,ma5_predictor
38,0.14299055437133537,74.97170772565174,257474.7363879452,22338.816348549288,106984.62692450504,0.3333333333333333,0.3333333333333333,ma5_predictor
39,-0.06091274278225538,6.29294112733346,1005610.6450871034,250.68461793658287,9030.370517723515,0.7536231884057971,0.6046511627906976,ma5_predictor
40,0.10309089469031253,17.339324891282203,891650.2379422593,954.8063094189753,24691.198645185857,0.27376425855513314,0.15859030837004406,ma5_predictor
41,0.1269925339533695,63.87008011972815,125517.04244083737,18306.727661385667,90695.51377001397,0.7142857142857143,0.8333333333333334,ma5_predictor
42,0.056680777975961716,19.032567898815174,98917.51442490901,617.4122339357018,27159.474391609252,0.0,0.0,ma5_predictor
43,7.964549931944637,2004.921180321991,16040824.448975217,9798840.2451087,2861022.524319481,0.36363636363636365,0.5714285714285714,ma5_predictor
44,-0.0013996209695731736,0.08616600788999755,0.46817371131288105,0.025056346097037094,122.52806321957651,0.09523809523809523,0.06060606060606061,ma5_predictor
45,-0.00025679477734680983,0.11239865536803781,0.02297970267227988,0.03777142972978415,164.21443549270325,0.25000000000000006,0.4,ma5_predictor
46,-5.612808850021078,1384.4374803685205,0.5861173312642697,16836459.850234594,1965901.222123299,0.5454545454545454,0.38095238095238093,ma5_predictor
47,-6.277587919156262e-05,0.010822623391622162,48.567000182539566,0.0010208051431858827,15.811852775159979,0.4615384615384615,0.375,ma5_predictor
48,-0.3254100823792835,72.28290956474774,79441.88700519061,70602.07895292075,102641.7315819418,0.6,0.9,ma5_predictor
49,0.0005073661888769159,0.057130050652646265,577.8459367170907,0.007202806473176022,81.1246719267577,0.5777777777777778,0.6842105263157895,ma5_predictor
50,0.19934887045357097,33.82524608938242,241904.18157166467,3510.4411034021778,48505.40289217439,0.07792207792207792,0.08823529411764706,ma5_predictor
51,-7.146729990113992,799.8913140712868,0.08937371767620722,1145370.000391479,1151043.6009485817,0.5,0.5714285714285714,ma5_predictor
52,-2.018318699766614,548.5958759588353,0.01586727306618083,722375.2329127261,801498.5747758584,0.35714285714285715,0.5555555555555556,ma5_predictor
53,-0.0010418943666792944,23.75176093792982,479800.76753847796,1393.120766042507,34202.53575061894,0.4,1.0,ma5_predictor
54,1.1375744535332257,177.1706119780596,1095575.5607960701,60870.27243033455,252822.46329269107,0.39999999999999997,0.75,ma5_predictor
55,3.784242295945906,1234.9564121655126,7557997.817750737,3683249.345376256,1762282.8001601864,0.3333333333333333,0.4,ma5_predictor
56,-0.008824167803708989,0.8572646163506026,0.0238007845163244,1.4108901870273283,1252.4636044882304,0.7741935483870968,0.7058823529411765,ma5_predictor
57,2581.2130932145137,309526.2698690492,9.511156159779087,294695794522.0198,443241618.4524784,0.45454545454545453,0.45454545454545453,ma5_predictor
58,-0.5717446772335597,115.73986433730512,591217.7974432453,23905.006265504213,166781.14451005668,0.03333333333333333,0.01834862385321101,ma5_predictor
59,0.18766085964584187,12.991191164775682,1316538.4587434996,1114.4491678768825,18707.315277276983,0.6571428571428571,0.5227272727272727,ma5_predictor
60,26.679784447736445,4631.0798306508195,1.0141381506888458,53294058.63342727,6608550.91833872,0.4,0.6,ma5_predictor
61,1.6562133446255545,1494.6752425643026,4116154.61755381,6153697.275163657,2153827.02453516,0.1176470588235294,0.6666666666666666,ma5_predictor
62,0.0007035483922923768,0.03688055355114803,0.023120211994647033,0.0035805205537331065,53.10799711365317,0.18604651162790697,0.125,ma5_predictor
63,0.46861103335295073,124.11386641699248,1037872.2506523896,32919.9584721342,177110.48737704827,0.35294117647058826,0.6,ma5_predictor
64,0.0664950481342802,43.3288126448302,108228.22082844823,8575.38235639067,62176.846145331336,0.2857142857142857,1.0,ma5_predictor
65,0.5537467108525035,69.47135532781861,589971.571441384,9258.085025825416,99135.62405279715,0.019607843137254905,0.0125,ma5_predictor
66,-0.016572728053471836,1.023564141988714,25831.952296432526,1.9861971011853716,758.4610292136371,0.6666666666666665,0.75,ma5_predictor
0,0.00010281012200429648,0.1648024029733279,56207.26729271364,0.05872328493538518,234.51381943104562,0.0,0.0,arma55_predictor
1,-25.418218090787413,186.98591029314795,0.7775922912730284,160807.80968255366,266267.9362574427,0.26666666666666666,0.23529411764705882,arma55_predictor
2,-0.03574975838957228,5.0793233636850745,112091.03570418913,42.690185359413,7319.304967070193,0.0,0.0,arma55_predictor
3,-0.3819867378282847,5.904516247775972,1312323.380833873,221.16464681454337,8472.98081555852,0.5666666666666667,0.3953488372093023,arma55_predictor
4,-0.20664274599489071,33.152157513877654,6495587.646800607,13009.588981118475,47208.67229976178,0.5,0.6190476190476191,arma55_predictor
5,-47.544847081569465,115.17688430388564,197400.28804437714,389735.7756528164,163896.70636442926,0.7659574468085107,0.782608695652174,arma55_predictor
6,-0.011196370578187719,1.3070878515426008,0.09485847123856452,2.773381768839959,1880.8994183698026,0.26666666666666666,0.25,arma55_predictor
7,-0.000679846351960712,0.09751762204979371,628.7921834042282,0.0823327550651458,72.26055793889714,0.5555555555555556,0.7142857142857143,arma55_predictor
8,-0.00047360400547864746,0.10734714974805774,0.09398566899423982,0.08982405393685014,156.83418578191237,0.6000000000000001,0.5625,arma55_predictor
9,-1.3251098951416584,559.2707831863237,0.501306208867175,2378142.873737294,804790.6570051197,0.03333333333333333,0.041666666666666664,arma55_predictor
10,-0.0002025523847487977,0.03121518188199396,0.10967557987756187,0.001666144903021667,45.60538072959317,0.13333333333333333,0.3333333333333333,arma55_predictor
11,-1.5145260752569427,43.18138410011544,675244.2223011706,4280.125622762206,62224.374488266345,0.04,0.041666666666666664,arma55_predictor
12,0.40260382936794986,12.87027357150375,0.6248456061088604,889.4678467657828,18520.323669393896,0.8,0.6666666666666666,arma55_predictor
13,2.0914297178186083,674.1190858951345,0.23142424276358922,5128287.276546881,970057.3646030986,0.8,1.0,arma55_predictor
14,-31.578999953800952,101.03053984099786,1.3956341732531106,157487.68353447714,143766.45819373996,0.47619047619047616,1.0,arma55_predictor
15,-0.24932593349081475,500.5307995496965,0.049791425151007845,655442.9951057731,720263.8205520132,0.6666666666666665,0.75,arma55_predictor
16,-16.802813793775197,3532.958937259886,4.828829770328751,42278791.40813774,5041532.403469858,0.37037037037037035,0.5,arma55_predictor
17,-1.3982655035604004,1182.1637451354925,0.1570452683814398,15687365.176258639,1701133.6292499737,0.44444444444444436,0.3157894736842105,arma55_predictor
18,-0.31898308956415466,11.847587685627214,0.11330881468275998,255.2114253726629,17048.678679617562,0.47058823529411764,0.5,arma55_predictor
19,0.6565250920142212,41.13424464871482,77263.86255919393,10123.001290795364,58534.03013512119,0.04301075268817204,0.03278688524590164,arma55_predictor
20,0.0008440651447708117,0.2839774462973213,0.030359552814733178,0.14978900032060133,408.6435452218454,0.1935483870967742,0.23076923076923078,arma55_predictor
21,-49851.21320781071,1085003.759675052,28.139473910974736,6802486515297.485,1548300365.0562992,0.0,0.0,arma55_predictor
22,1.5064962786923917,282.5669060423925,0.7377573007145725,256332.88522784345,406613.7777950028,0.1904761904761905,1.0,arma55_predictor
23,-22.852676407480015,873.4487356199464,2.2016092435051116,2861409.438960233,1258639.6280283427,0.06315789473684211,0.036585365853658534,arma55_predictor
24,-0.002953789934345146,0.12302808787865324,0.03987077930904017,0.06831687951422064,179.74403639071238,0.689655172413793,0.6666666666666666,arma55_predictor
25,-72.16634182571303,937.6145977472435,0.07249565493606666,32850031.261492684,1349227.4061582834,0.5517241379310345,0.5,arma55_predictor
26,-375.35950136716116,5499.003631343495,8.242026731384989,158873437.24732396,7924064.232765975,0.43478260869565216,0.7142857142857143,arma55_predictor
27,-0.2328216352744638,507.95317620495285,0.04896364941047422,670650.8315810114,730944.6205589272,0.5,0.6,arma55_predictor
28,-2.9638165376187953,342.83667736474865,1232596.06420638,413050.1978617904,488199.42856740206,0.23846153846153847,0.13656387665198239,arma55_predictor
29,-0.000716393086777601,0.040382723530379395,6619.373269968524,0.0031252102077683748,57.34346741313874,0.2666666666666667,1.0,arma55_predictor
30,0.0010319875083635425,0.22589808650473492,0.136140117664668,1.3791140740148629,330.0371043834177,0.6666666666666666,0.6666666666666666,arma55_predictor
31,0.40260382936794986,12.87027357150375,0.6248456061088604,889.4678467657828,18520.323669393896,0.5,0.5,arma55_predictor
32,-1.378075517084736,72.51932721811762,435370.44053278986,12769.493510672095,103485.07994025384,0.23529411764705882,1.0,arma55_predictor
33,-0.033929198655547776,80.23164916185961,383387.5495532195,18025.562013596893,115132.41654726853,0.0,0.0,arma55_predictor
34,-0.00048805743863362944,0.011698544856296785,141.4729714696803,0.0007718320095219152,16.693823509935513,0.17857142857142855,0.10638297872340426,arma55_predictor
35,-0.0002025523847487977,0.03121518188199396,0.10967557987756187,0.001666144903021667,45.60538072959317,0.13333333333333333,0.3333333333333333,arma55_predictor
36,0.03388668007952347,0.8317413696171166,0.02285324602345078,1.2864943692023445,1215.1741410106074,0.32,0.25,arma55_predictor
37,8.796384525519671e-05,0.07774483736677996,0.043691022593216694,0.014634921098863593,113.58520739286553,0.64,0.8888888888888888,arma55_predictor
38,-2.2860172549130504,30.54169294099012,241328.96459959057,10592.287173949097,43582.9958267929,0.16666666666666666,0.125,arma55_predictor
39,-0.2970506425399299,4.363722456221278,536685.9329197358,124.32319423632961,6261.941724677534,0.7164179104477612,0.5581395348837209,arma55_predictor
40,-0.48591897487354574,13.799679474610778,479832.5779064928,751.8425357692653,19650.74357184575,0.2727272727272727,0.15859030837004406,arma55_predictor
41,-0.01542874404841497,62.620720517375545,125495.70621551997,17882.635522090153,88921.42313467327,0.7142857142857143,0.8333333333333334,arma55_predictor
42,-0.24524117401706627,18.808391524051654,97509.3371836858,610.2434515832922,26839.574704821713,0.0,0.0,arma55_predictor
43,-12.143925440492032,1785.540739093829,16040668.465058275,9862716.209120559,2547966.634686894,0.2857142857142857,0.42857142857142855,arma55_predictor
44,-0.00042298893025098194,0.04567954076946374,0.15373049181153767,0.01717867071400193,64.95630697417744,0.10526315789473685,0.06060606060606061,arma55_predictor
45,0.00033831897996149904,0.10004200010996508,0.02114588537563465,0.03466192832829574,146.161362160659,0.26666666666666666,0.4,arma55_predictor
46,-17.37749313112109,1156.0176625218564,0.45058191376725426,11919360.864904039,1641545.0807810363,0.5227272727272727,0.36507936507936506,arma55_predictor
47,6.529641196098383e-05,0.008020361956112729,28.55837745772815,0.0009666010088723506,11.717748817880697,0.5,0.375,arma55_predictor
48,-0.6164867034849764,67.52973501352577,79379.69268529571,68069.0440061151,95892.22371920658,0.5333333333333333,0.8,arma55_predictor
49,0.00011420454242146032,0.057067481887220176,577.9744712205953,0.007616954650218355,81.03582427985265,0.5531914893617021,0.6842105263157895,arma55_predictor
50,0.038353606112035726,30.154164771941016,259338.44429127418,3262.0779032994787,43241.07228296342,0.09638554216867469,0.11764705882352941,arma55_predictor
51,-11.963213771851906,715.4529800361493,0.07857663186456394,915349.8943083322,1029536.8382720188,0.33333333333333326,0.42857142857142855,arma55_predictor
52,-0.3869842153272084,387.55689161066186,0.01136533362943131,521649.9218732373,566220.618643177,0.4444444444444444,0.6666666666666666,arma55_predictor
53,-0.01002169164103153,22.118160704584025,403690.91956238117,1280.8618833190196,31850.151414600998,0.5,1.0,arma55_predictor
54,-1.952554686679685,151.79362848120311,1095539.7950371043,51974.69289400884,216609.50784267686,0.22222222222222224,0.5,arma55_predictor
55,-29.832521881069407,1127.331564063923,7557808.655919549,3439497.3259982755,1608702.1419192182,0.3076923076923077,0.4,arma55_predictor
56,0.03388668007952347,0.8317413696171166,0.02285324602345078,1.2864943692023445,1215.1741410106074,0.3846153846153846,0.29411764705882354,arma55_predictor
57,-7285.548663903606,268974.7050794951,9.50057962724976,310368307156.13666,385171777.67383695,0.43478260869565216,0.45454545454545453,arma55_predictor
58,-0.552470855354774,91.7433752186294,591204.4144828431,19207.138182326387,132202.20369004496,0.03125,0.01834862385321101,arma55_predictor
59,-1.374214754501083,10.088105968091535,585127.2468662398,753.767905665634,14526.87259405181,0.5000000000000001,0.36363636363636365,arma55_predictor
60,18.176242789701682,4065.1700371265642,0.9914275104353216,46272984.95135915,5800997.642979607,0.33333333333333337,0.6,arma55_predictor
61,-1.9351718155527542,1289.8106181835308,4115640.3853439298,4890641.42893624,1858617.100802468,0.1176470588235294,0.6666666666666666,arma55_predictor
62,3.399248839574604e-05,0.019955181002622568,0.012336497956733597,0.002192320685355302,28.7354606437765,0.25531914893617025,0.1875,arma55_predictor
63,3.260962223605307,101.8676561543279,1037858.5006065947,30890.12563401115,145365.14533222592,0.3157894736842105,0.6,arma55_predictor
64,-0.3565559998256859,41.755879172468674,107183.4514422787,8206.711882936774,59919.686612492544,0.3157894736842105,1.0,arma55_predictor
65,-0.3644541427077623,63.05077573004173,485809.85819952155,8133.356243301731,89973.45696676955,0.01851851851851852,0.0125,arma55_predictor
66,0.007942436042897075,0.8139976809055383,24179.598836813595,1.5396891372856658,603.1722815510038,0.46153846153846156,0.75,arma55_predictor
0,0.00906267232459994,0.16430631148967723,57294.2051094874,0.06129014268036671,233.8078812498107,0.0,0.0,arima525_predictor
1,-8.968879948859838,189.39597969482725,0.18315323646792053,156954.09626586235,269699.875085434,0.27586206896551724,0.23529411764705882,arima525_predictor
2,0.14329042091101962,5.111780591325004,109091.12259836585,43.37758066534873,7366.07583209933,0.0,0.0,arima525_predictor
3,-0.35593593723483685,5.865047253257412,1271958.149211003,221.0662185396256,8416.342808424386,0.5666666666666667,0.3953488372093023,arima525_predictor
4,-0.1493896869938273,36.99229361196051,6668944.339029284,14083.538447974859,52677.02610343177,0.49056603773584906,0.6190476190476191,arima525_predictor
5,-8.06317040566087,129.12070970596133,373047.3886628656,412539.80755807174,183738.769911583,0.6808510638297872,0.6956521739130435,arima525_predictor
6,-0.013085095447153814,1.3666276888782098,0.09917732823419496,3.1807593851494027,1966.5772442957439,0.11764705882352941,0.125,arima525_predictor
7,-0.008645040858468343,0.1072406223322575,55.780725244049684,0.09151042496293192,79.4653011482028,0.5555555555555556,0.7142857142857143,arima525_predictor
8,-0.003645306433806619,0.11494677720800892,0.10080076748710877,0.094874659730003,167.93724150090102,0.5517241379310345,0.5,arima525_predictor
9,14.30683681084406,562.9549546398931,0.308630478772527,2714323.2388729854,810092.1797268062,0.061538461538461535,0.08333333333333333,arima525_predictor
10,-0.0001474781119950464,0.034835252337024905,0.11877910626773351,0.002192826920804707,50.894303664393384,0.0,0.0,arima525_predictor
11,-0.4969727011963776,44.28063598245686,483500.0415617327,4690.5036725365,63808.39645072033,0.08333333333333333,0.08333333333333333,arima525_predictor
12,-0.805916324245961,12.872326381658961,0.5968651312954086,897.0929217011736,18523.277663207245,0.8,0.6666666666666666,arima525_predictor
13,22.368564842799145,701.6419590559071,0.24014618718640554,5207346.408079795,1009662.7790814503,0.8,1.0,arima525_predictor
14,-8.725201088665008,119.20283356107458,1.9387760156165956,162749.14782874018,169625.63215740913,0.37037037037037035,1.0,arima525_predictor
15,12.0597174904278,521.4225108056182,0.051261648948984266,770399.8611744957,750326.9930492847,0.6153846153846153,0.6666666666666666,arima525_predictor
16,79.09838679540837,3652.546545226704,0.18664342825548008,44159234.86306663,5212183.920038506,0.41666666666666663,0.5,arima525_predictor
17,202.3629325933649,1246.0625572247343,0.15830418733331694,18214510.731391683,1793084.0198463928,0.35714285714285715,0.2631578947368421,arima525_predictor
18,-0.37534168052451616,12.064326991063465,0.11424652708060345,279.8017666209619,17360.566540140328,0.47058823529411764,0.5,arima525_predictor
19,-1.5618367506540265,41.624061672908454,38448.143862149635,10659.512491882573,59231.03976054873,0.041237113402061855,0.03278688524590164,arima525_predictor
20,-0.007370019658377841,0.2974902625824694,0.031863449678257404,0.23146249656983386,428.08848785617346,0.2,0.15384615384615385,arima525_predictor
21,-58.445135823738795,27421.584353928127,0.14369961273870252,2045227438.6297638,39130600.873055436,0.30769230769230765,0.4444444444444444,arima525_predictor
22,2.9243541512214994,294.4831805552877,0.5706268556086841,276704.98945009545,423761.296819059,0.16666666666666669,1.0,arima525_predictor
23,-0.6498374959279345,847.7266910568317,0.19168307762695935,2310641.8780540214,1221574.1618128945,0.0625,0.036585365853658534,arima525_predictor
24,-0.006462992323863261,0.14412256279599872,0.046265209981656535,0.08905853537407364,210.56306424495415,0.4827586206896552,0.4666666666666667,arima525_predictor
25,-93.80051440824504,886.8591048016759,0.059001929480177864,33814187.90013203,1276190.2518096117,0.5714285714285715,0.5,arima525_predictor
26,11.630853738258054,5336.238280954671,0.13471000508000813,102710188.00728355,7689519.36285568,0.4761904761904762,0.7142857142857143,arima525_predictor
27,11.939840344384017,531.4807374666876,0.05083269347081981,804522.2608817467,764800.7812145635,0.5217391304347826,0.6,arima525_predictor
28,-7.144480317611822,341.4931478473571,0.3296332255156028,414138.12885108223,486286.24253463646,0.21789883268482488,0.12334801762114538,arima525_predictor
29,-0.0017419093550146163,0.04162726371252026,6935.546755590063,0.003304771457078914,59.11071447177878,0.2222222222222222,1.0,arima525_predictor
30,-0.00830192870923513,0.23937088449439692,0.14418737553860195,1.39194422642796,349.7208622463139,0.6666666666666666,0.6666666666666666,arima525_predictor
31,-0.805916324245961,12.872326381658961,0.5968651312954086,897.0929217011736,18523.277663207245,0.5,0.5,arima525_predictor
32,2.7995564050626984,74.20964990015791,0.18817628286206559,15205.858445296708,105897.17040752534,0.2666666666666667,1.0,arima525_predictor
33,-0.5553419212252325,88.86916134139936,108397.9994737604,20988.456289320995,127527.24652490809,0.0,0.0,arima525_predictor
34,-0.0004109363545672118,0.011421237961700864,19.04344926234016,0.0007249984057196402,16.298106571347134,0.18867924528301885,0.10638297872340426,arima525_predictor
35,-0.0001474781119950464,0.034835252337024905,0.11877910626773351,0.002192826920804707,50.894303664393384,0.0,0.0,arima525_predictor
36,0.01742769233837275,0.913420919926426,0.024717106418064166,2.7917348638274526,1334.5079640125084,0.23076923076923075,0.1875,arima525_predictor
37,-0.0031871884002157634,0.08107432515114034,0.04532120013959935,0.020712153841650007,118.44958904581604,0.5384615384615384,0.7777777777777778,arima525_predictor
38,-0.8915548986951147,31.97009152606116,24696.781192498038,10298.629659117247,45621.320607689275,0.21621621621621623,0.16666666666666666,arima525_predictor
39,-0.25684560487490965,4.4235938479024615,521860.47494860867,124.2404900816937,6347.857171740033,0.6969696969696969,0.5348837209302325,arima525_predictor
40,0.029480817792772514,13.824800150927604,339851.80559714267,767.856464295835,19686.51541492091,0.3037037037037037,0.18061674008810572,arima525_predictor
41,0.28174966606545904,68.0581264786596,0.45580096509775303,21013.08931969492,96642.53959969663,0.625,0.8333333333333334,arima525_predictor
42,-0.0780675382153007,19.512294700865116,52805.01463277945,659.1697797873325,27844.04453813452,0.0,0.0,arima525_predictor
43,5.125430695593676,1771.0974017025856,0.18740445398012617,8140198.852837416,2527355.9922295897,0.36363636363636365,0.5714285714285714,arima525_predictor
44,0.0014123441697172071,0.04747610346240912,0.14194640515866788,0.0179191434564394,67.51101912354576,0.10256410256410256,0.06060606060606061,arima525_predictor
45,-7.54295581742753e-05,0.11384162522529613,0.023621760592530374,0.07007098565751571,166.32261445415764,0.2222222222222222,0.4,arima525_predictor
46,-15.954931841057736,1155.7658030349737,0.36034667620974353,12659667.806081086,1641187.4403096626,0.5617977528089887,0.3968253968253968,arima525_predictor
47,0.000221173694639836,0.010852627951520378,45.3260976070043,0.0010391922937612618,15.855689437171273,0.5,0.375,arima525_predictor
48,-1.5942922012682803,66.78289819261596,1.0770834747472389,73117.69594901326,94831.71543351466,0.4666666666666667,0.7,arima525_predictor
49,-0.00010500684669783803,0.05872438439154783,0.08575734616661487,0.008660109560946667,83.38862583599793,0.372093023255814,0.42105263157894735,arima525_predictor
50,0.14056687955455965,26.657345119949802,235770.4783814994,3675.279622525051,38226.632902008016,0.08695652173913043,0.11764705882352941,arima525_predictor
51,-4.67985260929348,809.0731537125257,0.0893727831805756,1186248.7231392204,1164256.2681923246,0.23529411764705882,0.2857142857142857,arima525_predictor
52,13.568991427749063,501.61309920533444,0.014567003265063702,2186899.2243434456,732856.7379389936,0.5,0.5555555555555556,arima525_predictor
53,-0.43686248334001426,23.970817600331742,470762.9014515161,1403.7515314868126,34517.97734447771,0.25,1.0,arima525_predictor
54,2.6097752150277196,156.52352981786035,0.19622606463858513,58151.60035923792,223359.07705008672,0.26666666666666666,0.5,arima525_predictor
55,46.896088103940954,1154.998952746553,0.2209076375312176,3332680.332918623,1648183.505569331,0.3076923076923077,0.4,arima525_predictor
56,0.01742769233837275,0.913420919926426,0.024717106418064166,2.7917348638274526,1334.5079640125084,0.29629629629629634,0.23529411764705882,arima525_predictor
57,-10659.008513085077,267031.31123787136,0.14649095375160484,237400715087.45532,382388837.6926318,0.47619047619047616,0.45454545454545453,arima525_predictor
58,1.1413871425062827,91.94748942750627,0.24947220842429957,19533.584142570173,132496.33226503653,0.03225806451612904,0.01834862385321101,arima525_predictor
59,-0.6870698774699233,9.505414445687403,490888.58565230935,774.2810101003117,13687.796801789862,0.5970149253731344,0.45454545454545453,arima525_predictor
60,104.2129239399305,3919.9477937496126,0.19019381226034696,39135796.12075329,5593765.501680697,0.42857142857142855,0.6,arima525_predictor
61,-3.8300393418250445,1233.8230756492255,0.5477066126125733,4819026.08109872,1777939.052010534,0.1176470588235294,0.6666666666666666,arima525_predictor
62,0.00026875090141279765,0.021661993931467036,0.013562682403105961,0.0041864172545446,31.193271261312532,0.22727272727272727,0.15625,arima525_predictor
63,-0.6589331028475227,106.79174547618379,0.2639295695894394,29104.91946302612,152391.82079451426,0.4,0.6,arima525_predictor
64,0.45151553576176295,43.6076899262891,93176.10683148944,8662.960601628363,62577.03504422485,0.375,1.0,arima525_predictor
65,0.5462750698856293,63.690429858585695,9790.342128033411,8999.339799589086,90886.24340820179,0.019047619047619046,0.0125,arima525_predictor
66,-0.016560799157338917,0.9237702398045358,27959.947405542636,2.284097274949056,684.513747695161,0.3333333333333333,0.5,arima525_predictor
0,-1.930212061084074e-16,0.16328411995706757,57271.99726662521,0.058789088615785697,232.35330269890716,0.0,0.0,poly5_predictor
1,-5.677954985085205e-13,854.3027534544769,1.5322099369203337,1955638.6843468128,1216527.1209191752,0.3255813953488372,0.4117647058823529,poly5_predictor
2,-4.011164135825451e-14,5.1043599223189,128298.0559763936,43.56188663140227,7355.382648061534,0.0,0.0,poly5_predictor
3,-1.0818075045914055e-13,35.88530598762765,15093806.40133313,3951.2651692862173,51495.414092245686,0.5346534653465347,0.627906976744186,poly5_predictor
4,3.34114758332137e-14,50.797197856644694,7304137.371522672,29651.795570636117,72335.20974786204,0.9268292682926829,0.9047619047619048,poly5_predictor
5,7.73677678493415e-13,316.0129435875086,828083.7095111149,650587.6895609575,449686.41872502473,0.7346938775510203,0.782608695652174,poly5_predictor
6,-3.844041138215691e-15,1.5208841117363798,0.11086339973166635,3.5728854124657463,2188.5522367886506,0.28571428571428575,0.25,poly5_predictor
7,5.0641752000445734e-17,0.12211844510453394,876.0127951648167,0.09123632723340756,90.48976782245965,0.9333333333333333,1.0,poly5_predictor
8,3.222002480773897e-17,0.17488737300492457,0.15940760100364262,0.1622220360208187,255.5104519601948,0.875,0.875,poly5_predictor
9,4.700741379038328e-14,740.3235558216844,0.8515566035621136,3243477.0733079757,1065325.5968274039,0.0,0.0,poly5_predictor
10,-1.7857796768440233e-18,0.08490854547405466,0.32034054436614784,0.010375521065494274,124.05138493759385,0.5,0.3333333333333333,poly5_predictor
11,-1.2796672504126385e-13,62.69047427984408,1352128.380369341,8459.45899645233,90336.97343725532,0.04761904761904762,0.041666666666666664,poly5_predictor
12,2.1711302356755805e-14,14.009511326968152,0.6580228243304683,922.0496473395214,20159.68679950717,1.0,1.0,poly5_predictor
13,-5.5713660848703e-13,798.9018192105978,0.2815133398630685,5464286.509846144,1149619.7178440501,0.8,1.0,poly5_predictor
14,1.4053067291097863e-13,106.516735750061,1.476370911050588,202895.45380694754,151573.3149723368,0.7692307692307693,1.0,poly5_predictor
15,-4.0601764865804665e-12,2717.68330466385,0.31706186689086974,10799233.3990352,3910746.27541128,0.5882352941176471,0.4166666666666667,poly5_predictor
16,-3.3575459628169488e-12,13833.26274048942,4.78746922073277,289707863.9365571,19740065.9306784,0.7499999999999999,0.6,poly5_predictor
17,-5.081540932768827e-12,4050.57287982647,0.5033554316170432,206279467.807214,5828774.3740702905,0.4799999999999999,0.3157894736842105,poly5_predictor
18,5.066135141694669e-14,16.686776625811348,0.16799979439573726,592.181521500279,24012.271564542527,0.7368421052631579,0.875,poly5_predictor
19,4.710453936800057e-13,174.5651805319244,873872.9175820705,71764.21841389842,248406.2518969284,0.0,0.0,poly5_predictor
20,8.908941841523008e-15,0.3897562463091952,0.04117808583824804,0.30815223810549663,560.8592384389319,1.0,1.0,poly5_predictor
21,1.7845726453848628e-10,139102.52762350102,22.08158616640142,24394923251.517143,198499306.91873598,0.0,0.0,poly5_predictor
22,4.920372656916085e-13,435.2558019359197,1.4984786132698518,418919.0864723938,626333.0989857884,0.2222222222222222,1.0,poly5_predictor
23,2.019696770071735e-13,3704.462695385235,8.094558021040868,22153296.61492417,5338130.744050124,0.023529411764705882,0.012195121951219513,poly5_predictor
24,1.6292389902781216e-16,0.6164916961566489,0.20249493124369544,1.0237221243308814,900.694368084864,0.8,0.6666666666666666,poly5_predictor
25,1.0228813240787402e-11,2116.7455780758714,0.19786401059864964,50045184.26313577,3045996.886851179,0.6086956521739131,0.4375,poly5_predictor
26,-2.7467876072975597e-11,14180.025123222838,7.645064737952301,326611998.55323637,20433416.20256411,0.7142857142857143,0.7142857142857143,poly5_predictor
27,2.567315829466042e-12,2787.7248507554286,0.3150577077966049,11345865.791329721,4011536.0602370617,0.6666666666666666,0.5,poly5_predictor
28,7.945304838521929e-13,1360.570149363236,220316.0944693512,4443472.617729899,1937451.8926932479,0.299625468164794,0.1762114537444934,poly5_predictor
29,3.0540906267197306e-17,0.04354414373841957,8020.071713889373,0.0035833546104900938,61.83268410855579,0.2222222222222222,1.0,poly5_predictor
30,-3.911997351656609e-16,0.2683293775309178,0.16548091994708197,1.4695752468343084,392.0292205726709,0.8,0.6666666666666666,poly5_predictor
31,2.1711302356755805e-14,14.009511326968152,0.6580228243304683,922.0496473395214,20159.68679950717,0.8,1.0,poly5_predictor
32,6.543167471672266e-13,225.06269499072576,431502.39949863194,75372.04140909074,321164.46575176565,0.6666666666666666,0.5,poly5_predictor
33,-1.0457604584845516e-14,116.26421523494918,524199.90106302453,28797.54772720977,166839.14886215207,0.0,0.0,poly5_predictor
34,3.3034386563128343e-16,0.08620936738336792,192.50428766203152,0.019479204320300612,123.02076725606602,0.47826086956521735,0.46808510638297873,poly5_predictor
35,-1.7857796768440233e-18,0.08490854547405466,0.32034054436614784,0.010375521065494274,124.05138493759385,0.5,0.3333333333333333,poly5_predictor
36,-1.305822892207987e-15,1.2066585289543652,0.034241238800036815,3.084043986824052,1762.9281108023274,0.9696969696969697,1.0,poly5_predictor
37,1.1088551933833186e-15,0.31672311461479213,0.18697569524419783,0.15076853856348085,462.7324704522113,0.8888888888888888,0.8888888888888888,poly5_predictor
38,5.599096674895006e-13,177.94568394460902,348443.98990820016,90441.58395893294,253928.49098895708,0.6333333333333333,0.7916666666666666,poly5_predictor
39,-2.7728497005272202e-14,18.926766215041884,5119604.938561801,1106.5226013576132,27159.909518585104,0.5399999999999999,0.627906976744186,poly5_predictor
40,1.3093147040972633e-14,38.00536630225081,2228232.7092242404,3977.830186613016,54119.641614405155,0.23346303501945528,0.13215859030837004,poly5_predictor
41,3.842935359603922e-14,82.70287889154547,106598.8450668693,23875.25147686886,117438.08802599457,1.0,1.0,poly5_predictor
42,-4.092965163243184e-15,25.10532642131484,52617.05205506118,1003.1302460420014,35825.300803216276,0.0,0.0,poly5_predictor
43,8.596541371768224e-12,7569.742215762587,15831728.25586392,75178810.22355282,10802022.141893212,0.6,0.42857142857142855,poly5_predictor
44,-5.894253673985667e-16,0.12283700448932293,0.5377463352570354,0.04170001018883031,174.67422038381721,0.08,0.06060606060606061,poly5_predictor
45,9.969969940507909e-16,0.2295191065980371,0.05072118509975273,0.13375196313502652,335.3274147397322,0.7692307692307693,1.0,poly5_predictor
46,1.0427164609058642e-11,3816.249750213607,2.052236459386646,62702082.82651789,5419074.645303322,0.6153846153846153,0.4444444444444444,poly5_predictor
47,-8.423085789582114e-18,0.013491993153624508,61.56243578495229,0.0010778081981574971,19.711801997445406,0.5,0.375,poly5_predictor
48,1.527566805442559e-13,117.08171199579068,10830.163272835847,185134.5544085096,166256.03103402277,0.8,1.0,poly5_predictor
49,-8.025661512519177e-17,0.06685969800398656,590.6869654068046,0.01038361514345784,94.9407711656609,0.7916666666666666,1.0,poly5_predictor
50,6.435515378000126e-14,87.70702261538881,145065.98220830498,12624.056434402677,125771.87043046755,0.1,0.058823529411764705,poly5_predictor
51,7.315143626351544e-12,1371.1505168881718,0.15910392084813482,3085376.1746596103,1973085.593802079,0.7999999999999999,0.8571428571428571,poly5_predictor
52,3.0279139147320487e-12,2290.0822129511994,0.06708280014767803,7736596.382853878,3345810.1131217023,0.8750000000000001,0.7777777777777778,poly5_predictor
53,1.2375285981155078e-14,27.039909556216156,543066.5270455733,1626.7713867740579,38937.469760951266,0.6666666666666666,1.0,poly5_predictor
54,2.0318634262453367e-12,587.0840071424265,1171046.8510734641,458858.6453427833,837768.8781922426,0.0,0.0,poly5_predictor
55,8.963653458818824e-12,4226.966921972443,7279422.578074052,27015923.23724154,6031881.797654676,0.0,0.0,poly5_predictor
56,-1.305822892207987e-15,1.2066585289543652,0.034241238800036815,3.084043986824052,1762.9281108023274,0.9411764705882353,0.9411764705882353,poly5_predictor
57,-5.541109172991534e-10,840928.611449573,9.41280964906461,1000611225238.3883,1204209771.5957885,0.5555555555555556,0.45454545454545453,poly5_predictor
58,1.2307527192624636e-13,270.080005884827,763137.031716331,109670.23093810357,389185.2884800357,0.0,0.0,poly5_predictor
59,-6.734366151148505e-14,41.072021779465025,3286162.672861531,9020.60864753366,59143.71136242963,0.46153846153846156,0.4090909090909091,poly5_predictor
60,3.371822543980028e-11,10381.38089713077,1.2612831606763697,163100067.4264196,14814230.540205609,0.4444444444444445,0.4,poly5_predictor
61,-1.158801021828658e-12,3599.0083689028934,724590.6421993949,27801336.456783656,5186171.059589069,0.0,0.0,poly5_predictor
62,-2.331468351712829e-16,0.06901873643912368,0.042811142025643255,0.011561730403048483,99.3869804723381,0.358974358974359,0.21875,poly5_predictor
63,2.582850230507913e-13,322.06257314134973,1463888.7602324332,144221.74924436657,459583.29187270603,0.4444444444444445,0.4,poly5_predictor
64,-5.429833895710982e-14,45.718769093526305,148552.16768893396,9552.756896619065,65606.43364921024,0.3157894736842105,1.0,poly5_predictor
65,1.18626279865092e-13,129.14374178196567,1048309.780367681,25593.738687948964,184288.11952286502,0.0,0.0,poly5_predictor
66,3.803225540767203e-15,3.909404473933606,27852.91216853331,20.236301468500805,2896.868715184802,0.0,0.0,poly5_predictor
0,-7.021790036279979e-17,0.16504869172363124,55025.01885843013,0.05738595767405504,234.86428832272725,0.0,0.0,trigonometric
1,-4.3111581720275744e-15,737.9881814159654,1.657737273918067,1616567.8094398396,1050895.1703363347,0.28571428571428575,0.29411764705882354,trigonometric
2,-3.434063889909263e-14,4.795272119868679,108097.81985815629,38.924873778106225,6909.9871247307665,0.0,0.0,trigonometric
3,4.317723105106672e-15,47.795724899928025,14620018.069064893,6758.141729110228,68586.86523139672,0.963855421686747,0.9302325581395349,trigonometric
4,-1.852201288722958e-14,73.34334553400491,15494947.642159756,30730.31358306383,104440.924040423,0.9047619047619048,0.9047619047619048,trigonometric
5,-6.263561544184608e-14,362.00487656687693,3792464.291490474,809617.4537191446,515132.93935466587,0.9047619047619047,0.8260869565217391,trigonometric
6,-5.396964629505139e-15,1.4157571736603503,0.10272309537814521,3.2705561018073235,2037.274572897244,0.823529411764706,0.875,trigonometric
7,7.431452364562451e-17,0.14021472285077055,552.313713993867,0.10104884592852047,103.89910963242099,0.8750000000000001,1.0,trigonometric
8,-2.218926236759382e-17,0.12479573448688873,0.1027928320008214,0.15113183657870005,182.32656808534443,0.8823529411764706,0.9375,trigonometric
9,-6.604739147690827e-14,844.9384447995712,1.0110272602675088,3339795.796525241,1215866.422066583,0.0,0.0,trigonometric
10,5.1369662193470626e-17,0.03292559542878441,0.13636288544465283,0.0019615270871229766,48.10429492145403,0.35294117647058826,1.0,trigonometric
11,-5.3332617834706756e-14,61.99279812058817,1210446.7257482437,8422.558592611926,89331.62209176755,0.052631578947368425,0.041666666666666664,trigonometric
12,9.006462474123854e-15,12.12298040793094,0.528903019915374,872.0004097391433,17444.968807012625,1.0,1.0,trigonometric
13,-1.1623076835027206e-12,733.3401529789822,0.26125423757348737,5264071.609810567,1055276.4801367554,0.8,1.0,trigonometric
14,-1.0529813922494022e-13,108.86646332301494,1.5906381034452073,212593.38440312786,154916.97730865027,0.7692307692307693,1.0,trigonometric
15,-2.745548981585546e-12,1055.6459442905254,0.10932877257034389,2169322.1051303605,1519074.513834066,0.9565217391304348,0.9166666666666666,trigonometric
16,-4.188646937667613e-12,10399.505837646278,4.19160628319921,191990793.54971045,14840094.83032124,0.6666666666666665,0.6,trigonometric
17,-2.7961115779315042e-12,4624.913633389502,0.6147689640954116,221306626.1877886,6655250.718447493,0.5384615384615384,0.3684210526315789,trigonometric
18,1.6176080627867186e-14,15.867307085941617,0.15670652380893116,534.1595293175161,22833.054896669986,0.7000000000000001,0.875,trigonometric
19,-3.881970094795027e-13,141.4139381097669,689311.4587274654,48616.87534306991,201232.0339301983,0.02150537634408602,0.01639344262295082,trigonometric
20,7.414036954439128e-15,0.38621441215008184,0.040530867156982356,0.3582433532430875,555.7625390839678,0.962962962962963,1.0,trigonometric
21,2.261002553912753e-10,97557.16716080699,20.76408828297813,13919788930.784508,139214077.53847158,0.1818181818181818,0.1111111111111111,trigonometric
22,1.5247782960578105e-14,351.66917508788566,0.8278154631588882,330414.82872404903,506051.94295146747,0.21052631578947367,1.0,trigonometric
23,9.719790705970225e-13,2454.830681804555,7.344449294798404,11149824.211805634,3537411.0124803637,0.25,0.14634146341463414,trigonometric
24,-6.930344958645741e-16,0.3133194833784531,0.08704246329076608,0.9433629252862115,457.75976521592,0.9655172413793104,0.9333333333333333,trigonometric
25,5.089125322220721e-12,2277.6825953911107,0.20469970004808508,50930200.844795465,3277585.254767808,0.6086956521739131,0.4375,trigonometric
26,2.7942504813942456e-11,8507.049774441728,8.42515747348471,168049528.3341095,12258658.72497053,0.5,0.7142857142857143,trigonometric
27,3.0982230910986063e-12,1083.6461598195397,0.10901111285522616,2259902.713710056,1559366.8239803175,0.9523809523809523,1.0,trigonometric
28,2.0949035265556213e-13,1459.4066170064134,1084434.123890067,4161459.2749369266,2078195.0226171326,0.26053639846743293,0.14977973568281938,trigonometric
29,3.7939135401363186e-17,0.04019257658891353,5765.714268638201,0.003124975940653273,57.07345875625721,0.21052631578947367,1.0,trigonometric
30,-7.431883080652999e-17,0.2064347856537306,0.11867095902037714,1.4260126840387182,301.60122184010044,0.8,0.6666666666666666,trigonometric
31,9.006462474123854e-15,12.12298040793094,0.528903019915374,872.0004097391433,17444.968807012625,0.8,1.0,trigonometric
32,3.6982081338734523e-13,158.59568094830877,449943.34557856334,39852.520308478546,226316.03671323662,0.6666666666666666,1.0,trigonometric
33,1.2798681974862069e-13,87.14200540407462,224327.21868701393,18233.496886525652,125048.77775484709,0.0,0.0,trigonometric
34,-2.4740779385480012e-17,0.07721816757683053,397.2301580015275,0.012917370741474735,110.19032513213716,0.21951219512195122,0.19148936170212766,trigonometric
35,5.1369662193470626e-17,0.03292559542878441,0.13636288544465283,0.0019615270871229766,48.10429492145403,0.35294117647058826,1.0,trigonometric
36,2.820771983168091e-15,0.9438524791043794,0.027659160323517437,3.0110695086006105,1378.9684719714983,0.9411764705882353,1.0,trigonometric
37,8.210027076009714e-16,0.1061454064564339,0.05744085393054614,0.05249325122672223,155.07843883284994,0.72,1.0,trigonometric
38,5.226248461484241e-14,168.10651084707533,704606.5332833366,64698.64531453626,239887.9909787765,0.6101694915254237,0.75,trigonometric
39,1.2834332899583134e-14,21.56322618757576,3872956.4046429996,2295.455588060994,30943.229579171217,0.988235294117647,0.9767441860465116,trigonometric
40,1.5468275848710046e-15,42.29321619730502,1875698.357068961,3959.3161723349003,60225.53986496235,0.23346303501945528,0.13215859030837004,trigonometric
41,-4.283271702891871e-15,58.425211772552096,123226.90791517217,19277.457924816743,82963.80071702397,1.0,1.0,trigonometric
42,2.2839940637222e-14,23.17479451203582,80579.07824311788,893.0149649127343,33070.43176867512,0.0,0.0,trigonometric
43,-1.9426347939760933e-12,5122.894780405227,15839628.520938497,41261175.24843339,7310370.851638258,0.7999999999999999,0.8571428571428571,trigonometric
44,-5.464452144410317e-16,0.12173686109019906,0.5857776565023574,0.037308226864206394,173.10981647026307,0.24000000000000002,0.18181818181818182,trigonometric
45,3.7083424778718436e-17,0.18051536809536714,0.041640617865671976,0.10167820814686634,263.7329527873314,0.8333333333333333,1.0,trigonometric
46,1.888162240018727e-12,5004.58377925734,2.7757602090441122,90706417.67530005,7106508.966545423,0.5842696629213483,0.4126984126984127,trigonometric
47,3.1821074028869562e-18,0.007509662595159455,33.84630570032625,0.0009293451199355338,10.971617051527964,0.5,0.375,trigonometric
48,1.96950437179701e-14,144.38404891096656,176806.396549578,176002.34703623003,205025.3494535725,0.7692307692307693,1.0,trigonometric
49,1.099277163818993e-16,0.06712675555409477,538.922031781733,0.009408563713318926,95.31999288681457,0.8636363636363636,1.0,trigonometric
50,-7.796645709334154e-15,67.41078899945127,88762.24790500542,9015.670152569253,96667.07142521313,0.3157894736842105,0.2647058823529412,trigonometric
51,2.4902078700384553e-12,963.2430079047688,0.10697111659286512,2049769.5855121799,1386106.6883749622,0.8235294117647058,1.0,trigonometric
52,-3.5856875306037415e-12,1023.0134353597207,0.03051448488412673,2182089.471810265,1494622.629060552,0.8888888888888888,0.8888888888888888,trigonometric
53,-4.0979565420053e-14,26.15269764387243,505495.3446251521,1553.8995011138054,37659.8846071763,0.6666666666666666,1.0,trigonometric
54,1.437855674281518e-12,386.2449814336626,978180.4096877866,225242.54608157865,551171.5885058366,0.0,0.0,trigonometric
55,3.6520004493054514e-13,2651.9529949415123,12417597.015943566,11553756.676053097,3784336.9237815384,0.380952380952381,0.4,trigonometric
56,2.820771983168091e-15,0.9438524791043794,0.027659160323517437,3.0110695086006105,1378.9684719714983,0.9714285714285714,1.0,trigonometric
57,-3.5639997967128645e-09,521453.79760228447,8.515283286981479,529266286473.5189,746721838.1664714,0.4,0.45454545454545453,trigonometric
58,2.2248222232821457e-13,137.26098225172962,849702.7401498192,33842.60769449775,197793.0754247424,0.1322314049586777,0.07339449541284404,trigonometric
59,-3.979039320256561e-14,57.465980505241156,6477828.112091972,15007.9820075172,82751.01192754727,0.7777777777777778,0.6363636363636364,trigonometric
60,-4.537913298264365e-13,8330.577682206193,1.2341452742367056,114080918.35378534,11887734.352508238,0.5454545454545454,0.6,trigonometric
61,5.680397165826755e-13,2948.448933613109,6390563.787864533,14404321.60638942,4248714.91333649,0.14285714285714288,0.3333333333333333,trigonometric
62,2.2867510354432044e-16,0.05360095083154067,0.03312372498914763,0.008318948411293811,77.18536919741857,0.358974358974359,0.21875,trigonometric
63,-8.954730595591901e-14,234.7047443815296,1196134.1416834546,91625.43189014205,334923.67023244273,0.25000000000000006,0.4,trigonometric
64,-8.853312972397624e-15,44.091601035022315,148947.6756315822,8980.107243633247,63271.44748525702,0.33333333333333337,1.0,trigonometric
65,-2.90391396983385e-14,115.78654873893952,747275.1392245548,21068.22789354829,165227.40505046668,0.0,0.0,trigonometric
66,-1.101533019844015e-15,1.0530400472017438,39881.761450830185,2.4956444557838364,780.3026749764922,0.7272727272727273,1.0,trigonometric
0,0.0013711124164886455,0.16333693557659418,1.0,0.05862968832268197,232.42845932549352,0.0,0.0,poly+arma
1,2.2498495501212252,186.0927260311176,1.0,150222.69084098833,264996.04186831147,0.2580645161290323,0.23529411764705882,poly+arma
2,-0.005316970859917966,4.862846354010996,1.0,39.870070771302764,7007.361596129845,0.0,0.0,poly+arma
3,-0.21494249689594155,6.172355560704488,1.0,220.62289666125713,8857.33022961094,0.5714285714285715,0.4186046511627907,poly+arma
4,-0.0991787807980641,32.501728527282964,1.0,12439.727068594762,46282.46142285094,0.5416666666666666,0.6190476190476191,poly+arma
5,-3.521607567004862,142.85393120474177,1.0,368686.6224903528,203281.14410434754,0.7499999999999999,0.782608695652174,poly+arma
6,-0.0006569552258699153,1.3012465325358797,1.0,2.738632739732282,1872.493760319131,0.14285714285714288,0.125,poly+arma
7,-3.3395936983960523e-06,0.1033968305781645,1.0,0.07366957018773482,76.6170514584199,0.6250000000000001,0.7142857142857143,poly+arma
8,-0.0008577040012818065,0.10797651817076985,1.0,0.08965456145779244,157.75369304749475,0.6206896551724138,0.5625,poly+arma
9,-0.11891743176663128,537.9859014129307,1.0,2216763.6642752644,774161.7121332074,0.0,0.0,poly+arma
10,-2.04059015321706e-05,0.030830126478061718,1.0,0.001620530242219656,45.04281478444817,0.13333333333333333,0.3333333333333333,poly+arma
11,-0.298781991667945,42.54224253794908,1.0,4126.815979687202,61303.37149718463,0.04081632653061224,0.041666666666666664,poly+arma
12,-0.710195289760987,13.120583790752542,1.0,866.9234033983329,18880.52007489291,0.8,0.6666666666666666,poly+arma
13,-0.3548420038264422,668.2909113710234,1.0,5087869.204388951,961670.6214629028,0.8,1.0,poly+arma
14,3.8214609112098814,119.9655422120226,1.0,146236.52381053628,170710.96656770815,0.3846153846153846,1.0,poly+arma
15,1.5818855663069824,518.8805919224004,1.0,705774.5998333386,746669.1717763342,0.6153846153846153,0.6666666666666666,poly+arma
16,-15.869435803360636,3524.790103482285,1.0,41296242.2188132,5029875.47766922,0.3076923076923077,0.4,poly+arma
17,9.329406145855053,1163.3371704742206,1.0,15152643.749338884,1674042.1883124034,0.44444444444444436,0.3157894736842105,poly+arma
18,-0.22676659466342985,11.75756124259354,1.0,250.6856735143087,16919.130628092105,0.5,0.5,poly+arma
19,-0.24221865361673772,41.41496394737949,1.0,16217.81714152117,58933.49369712102,0.05263157894736842,0.03278688524590164,poly+arma
20,-0.0010181175574175338,0.28193907091857595,1.0,0.14595244086214287,405.7103230518308,0.16666666666666669,0.23076923076923078,poly+arma
21,177.94105115072875,42411.914999933484,1.0,3291463477.1880755,60521802.704905085,0.33333333333333337,0.4444444444444444,poly+arma
22,-1.208895629047151,284.5543952657093,1.0,253209.81482797087,409473.7747873556,0.18181818181818182,1.0,poly+arma
23,-2.4959466963757326,899.8996531829381,1.0,2601398.8679882535,1296755.4002366138,0.06382978723404255,0.036585365853658534,poly+arma
24,-0.005890231853843796,0.12887271139430456,1.0,0.06780125769453865,188.28303134707897,0.6206896551724138,0.6,poly+arma
25,-23.441315941165282,1102.0733151344557,1.0,31936088.70011942,1585883.5004784819,0.5517241379310345,0.5,poly+arma
26,-188.98853898499274,5285.957262494924,1.0,123012955.38933307,7617064.415255186,0.4545454545454545,0.7142857142857143,poly+arma
27,2.4809091060609645,537.7767536552502,1.0,728177.3825541794,773860.7485099051,0.608695652173913,0.7,poly+arma
28,1.2500567084324594,347.44703127204696,1.0,400475.08725936065,494764.57253139484,0.2316602316602317,0.13215859030837004,poly+arma
29,1.20106709706266e-05,0.04031952642751857,1.0,0.003092349915082733,57.25372752707637,0.2666666666666667,1.0,poly+arma
30,5.466277466959494e-05,0.23465477343079533,1.0,1.360904061311963,342.83062398239196,0.6666666666666666,0.6666666666666666,poly+arma
31,-0.710195289760987,13.120583790752542,1.0,866.9234033983329,18880.52007489291,0.5,0.5,poly+arma
32,-0.9661007162300833,72.33754252883291,1.0,12712.167766226989,103225.67318864456,0.25,1.0,poly+arma
33,-0.2266880480711647,83.88413545541113,1.0,19805.71253224287,120373.73437851497,0.0,0.0,poly+arma
34,0.00011621537199485161,0.012617980236549073,1.0,0.0008199852768251501,18.005857797555528,0.17857142857142855,0.10638297872340426,poly+arma
35,-2.04059015321706e-05,0.030830126478061718,1.0,0.001620530242219656,45.04281478444817,0.13333333333333333,0.3333333333333333,poly+arma
36,0.0037824730329076785,0.7958706966124346,1.0,1.2004815062376226,1162.767087750767,0.26086956521739124,0.1875,poly+arma
37,0.015145444936321304,0.08403580806170535,1.0,0.01624188194890937,122.77631557815151,0.5454545454545455,0.6666666666666666,poly+arma
38,-0.14736323981655575,33.60148109392731,1.0,10527.543533150389,47949.31352103427,0.16666666666666666,0.125,poly+arma
39,-0.11393176166627782,4.6708212913242315,1.0,122.31472432624858,6702.628553050272,0.6865671641791045,0.5348837209302325,poly+arma
40,0.040345478293698604,13.837822192866701,1.0,738.4504720194915,19705.058802642183,0.2727272727272727,0.15859030837004406,poly+arma
41,-0.044361445584437366,62.280861112628024,1.0,17426.51461191229,88438.8227799318,0.7142857142857143,0.8333333333333334,poly+arma
42,0.25034612638052556,18.7089220539995,1.0,600.8247141558256,26697.631771057288,0.0,0.0,poly+arma
43,-14.75451395100174,1778.0021281629747,1.0,9890767.923221003,2537209.036888565,0.2857142857142857,0.42857142857142855,poly+arma
44,-0.002151484059016749,0.04520884608338778,1.0,0.014961080884568606,64.28697913057742,0.10810810810810813,0.06060606060606061,poly+arma
45,0.004478965347271716,0.09437500656939021,1.0,0.03311849564857952,137.8818845978791,0.37499999999999994,0.6,poly+arma
46,2.728615151405251,1296.3485056835173,1.0,10845463.044567917,1840814.8780705945,0.5454545454545454,0.38095238095238093,poly+arma
47,-0.0001438744504979731,0.008205925241291252,0.9997238304137409,0.0009725527985980679,11.98885677752652,0.5,0.375,poly+arma
48,-0.5760100016320352,68.1269349481058,1.0,67730.09788759597,96740.24762631023,0.5333333333333333,0.8,poly+arma
49,8.683073425693941e-05,0.05681707459139347,1.0,0.007614762969778704,80.68024591977873,0.5416666666666666,0.6842105263157895,poly+arma
50,0.039630538967525455,30.117320107745865,1.0,3246.4990860065323,43188.23703450757,0.09638554216867469,0.11764705882352941,poly+arma
51,-6.7463867379939995,701.4363728909678,1.0,887498.0255348866,1009366.9405901027,0.47058823529411764,0.5714285714285714,poly+arma
52,-0.8349572301065051,366.2363785680399,1.0,524665.4867791265,535071.3490879063,0.3870967741935484,0.6666666666666666,poly+arma
53,0.02343806073797095,22.0757748123486,1.0,1274.5293757466081,31789.115729781985,0.5,1.0,poly+arma
54,-1.9055466406382795,151.57237317771194,1.0,51992.15132439011,216293.77652459493,0.23529411764705882,0.5,poly+arma
55,-24.24353683389201,1111.2431056302726,1.0,3255337.099818257,1585743.911734399,0.32,0.4,poly+arma
56,0.0037824730329076785,0.7958706966124346,1.0,1.2004815062376226,1162.767087750767,0.3333333333333333,0.23529411764705882,poly+arma
57,-5545.383276436031,260915.7552791314,1.0,243742041765.4282,373631361.55971617,0.45454545454545453,0.45454545454545453,poly+arma
58,-0.08396422896226687,94.82944904888635,1.0,21817.264122847373,136649.23607944523,0.032520325203252036,0.01834862385321101,poly+arma
59,0.10771693878179113,10.756529556017373,1.0,726.9729547357911,15489.402560665018,0.5588235294117647,0.4318181818181818,poly+arma
60,28.366921761543416,4090.9623671866257,1.0,48241871.23168309,5837803.297975315,0.35294117647058826,0.6,poly+arma
61,-3.8367184504029574,1109.324079245575,1.0,3863037.600307934,1598535.9981928733,0.1176470588235294,0.6666666666666666,poly+arma
62,-2.7092967921248237e-06,0.019934095960543574,1.0,0.002162443464937591,28.70509818318275,0.25531914893617025,0.1875,poly+arma
63,-0.3583502067429299,93.78669409177414,1.0,27883.50944101658,133833.61246896168,0.37499999999999994,0.6,poly+arma
64,0.31995587979245826,51.26203644739333,1.0,9394.680206663526,73561.02230200943,0.2857142857142857,1.0,poly+arma
65,-0.2633112903510981,61.61182102715026,1.0,7825.033977417651,87920.06860574342,0.01923076923076923,0.0125,poly+arma
66,-0.012318703860251703,0.809185833859745,1.0,1.5179631311079709,599.606702890071,0.46153846153846156,0.75,poly+arma
0,2.582458335565192e-17,0.16525220229976023,1.0,0.056619840642647495,235.1538838725588,0.0,0.0,poly+trigo
1,8.143298769385417e-15,174.49417252822272,1.0,134071.62684574272,248479.70168018914,0.2580645161290323,0.23529411764705882,poly+trigo
2,2.4777774095728687e-16,4.817270985313514,1.0,38.84406241343829,6941.687489836773,0.0,0.0,poly+trigo
3,-5.289458379621791e-15,6.460079045968582,1.0,214.9996084453121,9270.213430964915,0.5245901639344261,0.37209302325581395,poly+trigo
4,3.169499619064716e-14,37.730507850018334,1.0,12212.42470766248,53728.243178426106,0.5306122448979592,0.6190476190476191,poly+trigo
5,-2.380792525723231e-14,176.99661116718997,1.0,360373.9896599239,251866.1776909113,0.7346938775510203,0.782608695652174,poly+trigo
6,1.5430479841906276e-18,1.2727738195181666,1.0,2.5807658957787285,1831.5215262866418,0.26666666666666666,0.25,poly+trigo
7,3.895519384649672e-18,0.10798408607211749,1.0,0.07135721508183462,80.01620777943906,0.5333333333333333,0.5714285714285714,poly+trigo
8,1.5939033498639738e-17,0.09399094152095065,1.0,0.08626378047223537,137.3207655621089,0.5714285714285715,0.5,poly+trigo
9,7.226106054348583e-13,594.8686123723866,1.0,2172532.3435143777,856015.9332038643,0.0,0.0,poly+trigo
10,-1.0353722594468007e-18,0.027933245814065595,1.0,0.001339910894503031,40.81047213434984,0.10526315789473684,0.3333333333333333,poly+trigo
11,4.3391922794509933e-16,42.39313223428878,1.0,4023.610413922609,61088.50354961013,0.0425531914893617,0.041666666666666664,poly+trigo
12,-2.1726115617404035e-16,12.316626877720061,1.0,837.3857911160694,17723.626077039167,0.8,0.6666666666666666,poly+trigo
13,1.1874309735621187e-13,591.7177508593986,1.0,4898554.996684914,851481.8434866746,0.8,1.0,poly+trigo
14,-2.692372755599761e-14,116.85961882397821,1.0,142193.1630780426,166291.237586521,0.3846153846153846,1.0,poly+trigo
15,-2.1963127787775717e-14,411.12108628416445,1.0,575054.6545032929,591603.2431629127,0.5925925925925926,0.6666666666666666,poly+trigo
16,1.2954085363374047e-13,3087.910276271209,1.0,37769612.18291844,4406447.964239015,0.29629629629629634,0.4,poly+trigo
17,4.3926255575551434e-14,1198.5578209336459,1.0,14890295.498262068,1724724.7043235165,0.44444444444444436,0.3157894736842105,poly+trigo
18,3.9748916072750565e-16,11.758720334105439,1.0,241.30723078397523,16920.798560777726,0.39999999999999997,0.375,poly+trigo
19,-2.0547318043941056e-14,48.51117078034016,1.0,15800.776659812393,69031.39602042404,0.05333333333333333,0.03278688524590164,poly+trigo
20,-6.546381072928737e-17,0.27568012748342646,1.0,0.13995630453638527,396.7037034486507,0.16666666666666669,0.23076923076923078,poly+trigo
21,9.606099611157376e-12,33972.914567700485,1.0,2404863564.3852596,48479349.08810859,0.30769230769230765,0.4444444444444444,poly+trigo
22,-1.9170334380229415e-13,260.1077344737691,1.0,234328.71835265224,374295.02990775375,0.18181818181818182,1.0,poly+trigo
23,-7.518636804212357e-14,778.9825865278942,1.0,2233731.4651045473,1122513.9071866956,0.06315789473684211,0.036585365853658534,poly+trigo
24,-3.7691349775090874e-17,0.10052690143435361,1.0,0.06015592440518522,146.86980299559062,0.6206896551724138,0.6,poly+trigo
25,5.5776864094135453e-14,1346.8929501842813,1.0,31329080.056692712,1938178.9553151808,0.5,0.4375,poly+trigo
26,-5.142652900795156e-12,4463.747934693977,1.0,108326786.62346944,6432260.773894021,0.4545454545454545,0.7142857142857143,poly+trigo
27,6.446731034109706e-14,419.52039651146237,1.0,578286.2143112518,603689.8505799944,0.5384615384615384,0.7,poly+trigo
28,3.295241732415521e-14,350.6222241657546,1.0,386076.65752429346,499286.0472120345,0.22393822393822393,0.1277533039647577,poly+trigo
29,-3.0003386316894634e-18,0.038759551553386236,1.0,0.0029000772005213153,55.03856320580845,0.25,1.0,poly+trigo
30,-8.453956980804152e-18,0.20572168147169737,1.0,1.3292891599585097,300.55937663014987,0.6666666666666666,0.6666666666666666,poly+trigo
31,-2.1726115617404035e-16,12.316626877720061,1.0,837.3857911160694,17723.626077039167,0.5,0.5,poly+trigo
32,1.932955080743314e-14,59.82101190130845,1.0,10177.221192015642,85364.58398316716,0.2666666666666667,1.0,poly+trigo
33,-1.6795546757479162e-14,79.52230731184075,1.0,18277.332024480216,114114.51099249147,0.0,0.0,poly+trigo
34,2.617280759480074e-18,0.012951849597402825,1.0,0.0007981736960236042,18.48228937549383,0.17857142857142855,0.10638297872340426,poly+trigo
35,-1.0353722594468007e-18,0.027933245814065595,1.0,0.001339910894503031,40.81047213434984,0.10526315789473684,0.3333333333333333,poly+trigo
36,-5.553014888739447e-17,0.7315472746697371,1.0,1.0337488768281535,1068.790568292486,0.24000000000000005,0.1875,poly+trigo
37,1.709789052297469e-17,0.07451510121650846,1.0,0.013813928997747195,108.86656287731887,0.6363636363636364,0.7777777777777778,poly+trigo
38,1.4639072481672702e-14,37.01323235184765,1.0,10197.202026771954,52817.88256608659,0.17142857142857143,0.125,poly+trigo
39,-3.703734957132787e-15,4.9585638121662585,1.0,119.29175911077425,7115.539070458581,0.7058823529411763,0.5581395348837209,poly+trigo
40,-6.237208003512116e-17,14.44753612361048,1.0,712.6332601551824,20573.291440021323,0.2857142857142857,0.16740088105726872,poly+trigo
41,-5.884494769393506e-15,57.167007141016626,1.0,16533.92537908916,81177.15014024361,0.7142857142857143,0.8333333333333334,poly+trigo
42,7.294639859064799e-16,17.643042928752664,1.0,552.132373141797,25176.62225933005,0.0,0.0,poly+trigo
43,-9.432741125605702e-14,1495.2919864053567,1.0,8367928.2806213945,2133781.664600444,0.36363636363636365,0.5714285714285714,poly+trigo
44,2.1324167623118556e-18,0.04285133918348084,1.0,0.014489427583799673,60.93460431890975,0.10526315789473685,0.06060606060606061,poly+trigo
45,-4.7304163780229976e-18,0.09398915410231502,1.0,0.032116451100544806,137.31815414348225,0.37499999999999994,0.6,poly+trigo
46,2.588377086999892e-13,1378.3507949300313,1.0,10614546.372039469,1957258.1288006445,0.5287356321839081,0.36507936507936506,poly+trigo
47,-1.0175619568187021e-18,0.007699015140829292,0.999271093123699,0.000932626271175515,11.248261120751595,0.5,0.375,poly+trigo
48,-1.921467679801961e-15,83.1266978476721,1.0,66091.00955983408,118039.91094369438,0.5333333333333333,0.8,poly+trigo
49,-3.092205677741193e-17,0.05658830213064581,1.0,0.007406253229015219,80.35538902551704,0.5416666666666666,0.6842105263157895,poly+trigo
50,6.97659813075468e-15,30.82481357022082,1.0,2996.2111107721325,44202.782659696655,0.10126582278481014,0.11764705882352941,poly+trigo
51,0.0,679.7052376644747,1.0,832505.4377215066,978095.8369991791,0.3529411764705882,0.42857142857142855,poly+trigo
52,-1.0343479058279132e-13,324.34353737514556,1.0,473438.41252939415,473865.90810508764,0.3529411764705882,0.6666666666666666,poly+trigo
53,5.037945369521266e-15,21.620384999395977,1.0,1228.3673908978753,31133.354399130207,0.5,1.0,poly+trigo
54,3.117026997798337e-15,123.94721810577462,1.0,39459.878747918774,176872.6802369404,0.25,0.5,poly+trigo
55,1.0006353761622265e-13,974.7075914954871,1.0,2777573.573884225,1390907.73306406,0.3333333333333333,0.4,poly+trigo
56,-5.553014888739447e-17,0.7315472746697371,1.0,1.0337488768281535,1068.790568292486,0.30769230769230765,0.23529411764705882,poly+trigo
57,1.4860838568410394e-10,206948.55353406738,1.0,210943505549.85623,296350328.6607845,0.45454545454545453,0.45454545454545453,poly+trigo
58,1.455601773743106e-14,82.43902335339321,1.0,17608.518766891488,118794.63265223961,0.03333333333333333,0.01834862385321101,poly+trigo
59,-3.6242613848319e-15,11.314633429490806,1.0,708.9951703054558,16293.072138466761,0.5454545454545455,0.4090909090909091,poly+trigo
60,1.0823751767945868e-12,3672.0433518707428,1.0,41831238.748060055,5240005.86311955,0.35294117647058826,0.6,poly+trigo
61,3.1478867627289935e-13,1054.0126311324436,1.0,3367321.3768896135,1518832.2014618511,0.1176470588235294,0.6666666666666666,poly+trigo
62,1.0504714382303998e-18,0.019981904931578205,1.0,0.0020854148493785977,28.773943101472618,0.25531914893617025,0.1875,poly+trigo
63,1.481085751589641e-14,88.28291702765438,1.0,25584.055389954898,125979.7225984628,0.37499999999999994,0.6,poly+trigo
64,1.5423976459182662e-15,50.67788925160635,1.0,8827.762447815636,72722.77107605511,0.3,1.0,poly+trigo
65,1.1551921142000228e-14,60.17343541412007,1.0,7389.705655260351,85867.49233594934,0.01941747572815534,0.0125,poly+trigo
66,1.8099182371756939e-16,0.6587418768705554,1.0,1.1767020125663918,488.1277307610815,0.30769230769230765,0.5,poly+trigo
0,0.002211584655929138,0.1647364170571114,1.0,0.055175163259010236,234.41992147226952,0.0,0.0,poly+trigo+arma
1,-0.09120720622760303,172.62110739662722,1.0,120198.29172957057,245812.45693279715,0.26666666666666666,0.23529411764705882,poly+trigo+arma
2,-0.0060689567971995715,4.736309982849988,1.0,37.26297877597106,6825.022685286834,0.0,0.0,poly+trigo+arma
3,-0.16293286154004447,6.6057481967539395,1.0,207.0595468727335,9479.248662341903,0.5666666666666667,0.3953488372093023,poly+trigo+arma
4,0.19613779264603692,41.32611383490229,1.0,11191.934071823931,58848.386100900854,0.5306122448979592,0.6190476190476191,poly+trigo+arma
5,0.15889151332566637,177.67446723674792,1.0,314164.33774454123,252830.76687789228,0.6363636363636365,0.6086956521739131,poly+trigo+arma
6,-0.0011909264277157367,1.2508967008562974,1.0,2.471403781980738,1800.0403525322122,0.28571428571428575,0.25,poly+trigo+arma
7,0.004040087705910698,0.11695503839829867,1.0,0.06848076574809653,86.66368345313931,0.5714285714285714,0.5714285714285714,poly+trigo+arma
8,-0.00034539918308265486,0.10191108371753109,1.0,0.08368605438437862,148.89209331131292,0.6206896551724138,0.5625,poly+trigo+arma
9,-1.6990457584107002,655.4509491476765,1.0,2163605.4058052013,943193.9158235065,0.0,0.0,poly+trigo+arma
10,4.7510321579964925e-05,0.025723813112433557,1.0,0.001140379800391068,37.58249095726543,0.3,1.0,poly+trigo+arma
11,0.05122415085405468,41.95414775153041,1.0,3842.3220128144585,60455.92690995532,0.04081632653061224,0.041666666666666664,poly+trigo+arma
12,0.011731005512674178,12.31863617445143,1.0,811.4525492921535,17726.51745503561,0.8,0.6666666666666666,poly+trigo+arma
13,-0.2719179646208748,629.2902314362765,1.0,4804856.763272869,905548.6430368018,0.8,1.0,poly+trigo+arma
14,1.6605370483672794,131.33503670351996,1.0,129189.08794696802,186889.75722910892,0.4,1.0,poly+trigo+arma
15,-9.518171054960055,391.6642546069803,1.0,535940.6670344671,563604.8623794446,0.5714285714285715,0.6666666666666666,poly+trigo+arma
16,-127.08616341501748,2890.878197432405,1.0,39727171.999281466,4125283.187736042,0.3333333333333333,0.4,poly+trigo+arma
17,-78.7673083151653,1264.1601637560295,1.0,17871236.992451932,1819126.4756449265,0.39999999999999997,0.3684210526315789,poly+trigo+arma
18,0.08563795900263473,11.642932569537638,1.0,235.19544522556996,16754.17996756466,0.375,0.375,poly+trigo+arma
19,0.18823738848133872,52.087596223035774,1.0,27211.165149125813,74120.6494253799,0.029411764705882356,0.01639344262295082,poly+trigo+arma
20,-0.0008071960001586786,0.2729199562431339,1.0,0.1357989382225404,392.7318170338697,0.21428571428571427,0.23076923076923078,poly+trigo+arma
21,-66.40268416463832,28907.32005034409,1.0,1912136827.9197404,41250745.71184102,0.2857142857142857,0.4444444444444444,poly+trigo+arma
22,-3.699682957636736,259.36473422385745,1.0,225249.70681846995,373225.8525481309,0.09523809523809525,0.5,poly+trigo+arma
23,-1.9075226517104709,776.3726346546119,1.0,2292533.4398498125,1118752.9665372958,0.0625,0.036585365853658534,poly+trigo+arma
24,-0.002118625144065102,0.10628512394956494,1.0,0.06368469007925175,155.28256609031436,0.45161290322580644,0.4666666666666667,poly+trigo+arma
25,-3.0888954112846383,1487.8333722191608,1.0,30639512.69907036,2140992.2226233725,0.5,0.4375,poly+trigo+arma
26,459.53291800484055,6441.13129878961,1.0,142216098.840324,9281670.201555828,0.4761904761904762,0.7142857142857143,poly+trigo+arma
27,-10.315763148784926,400.1951357659708,1.0,542549.0814167431,575880.800367232,0.5,0.6,poly+trigo+arma
28,-0.08456414243467182,350.667714583457,1.0,370395.7361633218,499350.82556684274,0.21705426356589147,0.12334801762114538,poly+trigo+arma
29,3.493367751738838e-05,0.03809400908770552,1.0,0.002799316847213798,54.09349290454184,0.2222222222222222,1.0,poly+trigo+arma
30,-1.4991727383905689e-05,0.2276096416479372,1.0,1.3060328925218658,332.53768644763625,0.6666666666666666,0.6666666666666666,poly+trigo+arma
31,0.011731005512674178,12.31863617445143,1.0,811.4525492921535,17726.51745503561,0.5,0.5,poly+trigo+arma
32,0.10082732064240771,55.812815198037256,1.0,10868.1610373867,79644.88728759917,0.3076923076923077,1.0,poly+trigo+arma
33,-0.20197548360272163,81.31494739222315,1.0,16807.26578257692,116686.94950784023,0.0,0.0,poly+trigo+arma
34,-7.144555658835287e-05,0.013588622387266767,1.0,0.0009599057759583335,19.390964146629678,0.17241379310344826,0.10638297872340426,poly+trigo+arma
35,4.7510321579964925e-05,0.025723813112433557,1.0,0.001140379800391068,37.58249095726543,0.3,1.0,poly+trigo+arma
36,-0.004243152695052982,0.6851121767024495,1.0,0.9154319924033589,1000.9488901622788,0.38461538461538464,0.3125,poly+trigo+arma
37,0.00017287682792010246,0.06672041751302715,1.0,0.012223936131285694,97.47852998653268,0.6428571428571429,1.0,poly+trigo+arma
38,0.02589493022657859,38.52598343174858,1.0,9771.345188261745,54976.57835710522,0.2051282051282051,0.16666666666666666,poly+trigo+arma
39,-0.13029097364276665,5.174596921704471,1.0,119.66565041487837,7425.546582645916,0.6956521739130436,0.5581395348837209,poly+trigo+arma
40,-0.008229501272903953,14.778796893293038,1.0,685.1242655470496,21045.006776049286,0.2857142857142857,0.16740088105726872,poly+trigo+arma
41,-0.4632463995485709,56.71825030098391,1.0,15916.40754773536,80539.91542739715,0.7142857142857143,0.8333333333333334,poly+trigo+arma
42,-0.01455496599259397,17.223747218573113,1.0,515.1007321390352,24578.28728090383,0.0,0.0,poly+trigo+arma
43,-13.853602214758794,1400.5540156414106,1.0,7982594.009481439,1998590.5803202929,0.4,0.5714285714285714,poly+trigo+arma
44,0.0003176320434411751,0.045010153875756846,1.0,0.01354167927021491,64.00443881132624,0.10526315789473685,0.06060606060606061,poly+trigo+arma
45,0.00020468920545019213,0.0921225101978245,1.0,0.030531441874602827,134.5909873990216,0.47058823529411764,0.8,poly+trigo+arma
46,-2.6792107611282154,1379.2934456442267,1.0,9819220.412756547,1958596.692814802,0.5454545454545454,0.38095238095238093,poly+trigo+arma
47,3.623520651538894e-06,0.007814324828913357,1.0,0.0009010074436699505,11.416728575042415,0.5,0.375,poly+trigo+arma
48,-0.02497214116561603,88.91860926354622,1.0,64940.629963067644,126264.42515423564,0.5714285714285714,0.8,poly+trigo+arma
49,0.00026753209782538637,0.056561652570619944,1.0,0.007538576717960066,80.31754665028032,0.5238095238095238,0.5789473684210527,poly+trigo+arma
50,-0.010809798286044848,30.615631993130506,1.0,2801.137683556088,43902.81627814915,0.07692307692307691,0.08823529411764706,poly+trigo+arma
51,-2.638941265155333,659.2609381751947,1.0,799252.265564646,948676.4900341051,0.3,0.42857142857142855,poly+trigo+arma
52,-3.330789673963757,312.9146203494431,1.0,437945.56377141277,457168.2603305364,0.5,0.8888888888888888,poly+trigo+arma
53,0.046576077065228774,21.624793546893244,1.0,1189.8578450535435,31139.70270752627,0.5,1.0,poly+trigo+arma
54,-0.6859462600959418,117.83956865329996,1.0,58360.589611435804,168157.06446825905,0.26666666666666666,0.5,poly+trigo+arma
55,-3.1994048550532583,850.5549811692073,1.0,2705218.2396534914,1213741.9581284588,0.3636363636363636,0.4,poly+trigo+arma
56,-0.004243152695052982,0.6851121767024495,1.0,0.9154319924033589,1000.9488901622788,0.4444444444444445,0.35294117647058826,poly+trigo+arma
57,-9593.516075360927,218681.78761544454,1.0,228731925403.8935,313152319.86531657,0.4,0.45454545454545453,poly+trigo+arma
58,-1.7439868321854104,76.88150381389728,1.0,14553.383977013289,110786.24699582599,0.03305785123966942,0.01834862385321101,poly+trigo+arma
59,-0.1111626654783492,11.880762772009298,1.0,670.3652107341978,17108.298391693388,0.5507246376811594,0.4318181818181818,poly+trigo+arma
60,-83.7038034992895,3173.899610242884,1.0,40378416.45006787,4529154.7438165955,0.4,0.6,poly+trigo+arma
61,0.9118529762997524,1039.2953323056333,1.0,2919877.1705913227,1497624.5738524178,0.1212121212121212,0.6666666666666666,poly+trigo+arma
62,-2.7573426660118922e-05,0.019929203540082298,1.0,0.0020195519693452474,28.69805309771851,0.28,0.21875,poly+trigo+arma
63,-0.3941795514253447,79.47593165875885,1.0,22715.401380387848,113412.15447704888,0.37499999999999994,0.6,poly+trigo+arma
64,-0.22853405476312702,44.02595988620747,1.0,7878.197341265157,63177.25243670771,0.3157894736842105,1.0,poly+trigo+arma
65,0.064257455800645,57.68671800785394,1.0,6964.368164268194,82318.94659720757,0.01886792452830189,0.0125,poly+trigo+arma
66,-0.00830412897822789,0.6057620648210827,1.0,0.9612782266408337,448.86969003242234,0.36363636363636365,0.5,poly+trigo+arma
